account_id,industry,country,referral_source,plan_tier,seats,is_trial,signup_date,churn_flag,tenure_days,avg_mrr,n_suscripciones,upgrade_ever,downgrade_ever,auto_renew_pct,total_uso,features_distintas,total_errores,pct_beta,total_tickets,avg_resolucion_hrs,avg_satisfaccion,tasa_escalacion,target
A-2e4581,EdTech,US,partner,Basic,9,False,2024-10-16,False,77,1260.3,10,True,False,0.8,535,27,38,0.07272727272727272,2.0,23.0,3.0,0.0,0
A-43a9e3,FinTech,IN,other,Basic,18,False,2023-08-17,True,503,1250.5,8,True,False,0.75,355,23,14,0.05714285714285714,3.0,38.0,4.0,0.0,1
A-0a282f,DevTools,US,organic,Basic,1,False,2024-08-27,False,127,1219.0666666666666,15,True,True,1.0,821,34,48,0.060240963855421686,3.0,43.666666666666664,4.666666666666667,0.0,0
A-1f0ac7,HealthTech,UK,other,Basic,24,True,2023-08-27,False,493,1325.0,7,True,False,0.7142857142857143,382,26,21,0.12195121951219512,2.0,29.0,0.0,0.0,0
A-ce550d,HealthTech,US,event,Enterprise,35,False,2024-10-27,True,66,5417.888888888889,9,True,False,0.6666666666666666,579,32,31,0.06896551724137931,7.0,42.285714285714285,3.8,0.14285714285714285,1
A-1b9609,EdTech,IN,ads,Enterprise,4,False,2023-10-12,False,447,1528.1818181818182,11,False,False,0.8181818181818182,457,28,21,0.1276595744680851,4.0,43.0,3.0,0.0,0
A-a0ca4e,Cybersecurity,US,ads,Pro,11,False,2024-03-08,False,299,1848.111111111111,9,False,False,0.8888888888888888,373,26,14,0.07692307692307693,6.0,39.166666666666664,3.8,0.5,0
A-e5d6ab,EdTech,US,partner,Pro,3,False,2023-04-15,False,627,1304.8,10,False,False,0.9,382,29,23,0.12195121951219512,3.0,42.666666666666664,0.0,0.0,0
A-7dacce,Cybersecurity,CA,event,Enterprise,12,False,2024-09-10,True,113,2305.7,10,True,False,0.7,472,27,29,0.10416666666666667,4.0,32.5,3.6666666666666665,0.0,1
A-10b8da,DevTools,US,partner,Enterprise,14,False,2023-05-08,True,604,1464.5,6,True,False,0.6666666666666666,257,23,14,0.07407407407407407,3.0,31.333333333333332,3.5,0.0,1
A-592832,Cybersecurity,US,organic,Basic,18,False,2024-09-25,True,98,1714.2631578947369,19,True,True,0.7894736842105263,1053,38,55,0.12871287128712872,3.0,32.666666666666664,5.0,0.0,1
A-d40bf7,FinTech,IN,organic,Basic,59,False,2024-11-08,False,54,4324.7,10,True,False,0.6,562,29,22,0.09090909090909091,2.0,20.5,5.0,0.0,0
A-6c093d,DevTools,US,partner,Basic,7,True,2023-04-14,False,628,1353.5,12,True,False,0.8333333333333334,670,30,30,0.15625,3.0,40.333333333333336,5.0,0.3333333333333333,0
A-462d45,Cybersecurity,US,partner,Enterprise,11,True,2024-01-15,False,352,1952.6666666666667,12,True,True,0.8333333333333334,642,34,26,0.11594202898550725,4.0,26.75,4.0,0.0,0
A-956988,EdTech,UK,ads,Enterprise,1,False,2024-11-30,False,32,2262.076923076923,13,False,True,0.7692307692307693,658,32,49,0.11428571428571428,2.0,50.5,3.0,0.0,0
A-ac14bb,FinTech,US,partner,Enterprise,21,False,2023-09-08,False,481,3468.25,8,True,False,0.875,531,31,42,0.12962962962962962,2.0,24.5,4.0,0.0,0
A-463db0,HealthTech,US,partner,Basic,15,False,2024-12-05,False,27,1895.142857142857,7,False,False,0.7142857142857143,367,25,13,0.08108108108108109,6.0,50.166666666666664,4.25,0.16666666666666666,0
A-ce66f8,EdTech,CA,event,Pro,29,False,2023-08-23,False,497,1976.3333333333333,6,False,False,1.0,494,29,19,0.13043478260869565,6.0,41.666666666666664,3.5,0.0,0
A-c4ea60,FinTech,DE,other,Enterprise,18,False,2023-03-09,True,664,1627.3333333333333,9,False,True,0.7777777777777778,427,28,18,0.20930232558139536,5.0,36.0,3.6,0.0,1
A-832ec2,FinTech,UK,event,Enterprise,4,True,2023-11-19,False,409,1162.375,8,True,False,0.375,511,31,25,0.12244897959183673,3.0,26.0,4.0,0.3333333333333333,0
A-684255,FinTech,US,ads,Enterprise,9,False,2024-04-14,False,262,846.0,14,True,True,0.6428571428571429,653,34,44,0.22727272727272727,4.0,14.25,4.666666666666667,0.25,0
A-c42f1f,HealthTech,US,other,Pro,8,False,2024-07-28,False,157,646.875,8,True,True,0.75,337,24,20,0.14285714285714285,9.0,31.333333333333332,4.0,0.1111111111111111,0
A-4e44e8,DevTools,US,ads,Enterprise,3,False,2024-08-20,True,134,2603.214285714286,14,True,False,0.7857142857142857,687,32,37,0.11594202898550725,3.0,31.333333333333332,3.3333333333333335,0.0,1
A-30b4ca,EdTech,IN,organic,Basic,86,False,2024-05-20,True,226,9492.25,8,False,False,0.875,402,28,22,0.23809523809523808,3.0,57.666666666666664,4.0,0.0,1
A-9f2731,FinTech,IN,event,Enterprise,1,False,2024-10-04,False,89,516.1428571428571,7,False,True,1.0,324,23,20,0.0625,0.0,0.0,0.0,0.0,0
A-32fb14,DevTools,US,event,Enterprise,26,False,2023-03-07,True,666,1129.111111111111,9,True,False,0.7777777777777778,488,27,19,0.0425531914893617,5.0,34.0,4.5,0.0,1
A-00cac8,HealthTech,AU,organic,Enterprise,8,True,2023-09-15,False,474,1569.0,9,False,True,0.8888888888888888,602,30,31,0.1206896551724138,2.0,33.0,0.0,0.0,0
A-35083d,HealthTech,IN,partner,Basic,19,False,2023-04-28,True,614,2027.0625,16,True,False,0.875,791,29,37,0.09722222222222222,4.0,49.75,5.0,0.0,1
A-eb7fac,DevTools,US,organic,Enterprise,7,False,2023-10-28,False,431,4209.6,10,False,False,0.9,538,27,44,0.11320754716981132,4.0,34.0,4.0,0.0,0
A-b20d99,HealthTech,IN,other,Basic,20,False,2023-09-27,False,462,1581.2857142857142,7,True,False,0.8571428571428571,329,22,12,0.15151515151515152,2.0,61.5,3.5,0.0,0
A-396e5f,Cybersecurity,CA,other,Enterprise,2,False,2024-10-02,False,91,1023.6,10,True,True,0.8,540,29,23,0.09090909090909091,5.0,24.8,4.0,0.2,0
A-45ce7a,FinTech,US,ads,Enterprise,16,False,2023-07-23,False,528,1173.7142857142858,7,True,True,0.7142857142857143,424,21,30,0.05128205128205128,5.0,45.4,3.6666666666666665,0.0,0
A-08e34e,EdTech,US,event,Basic,14,False,2024-06-27,True,188,1983.7272727272727,11,False,False,0.6363636363636364,651,34,32,0.1111111111111111,3.0,43.0,3.0,0.0,1
A-8145a0,Cybersecurity,AU,partner,Basic,2,True,2023-04-25,False,617,1438.3333333333333,12,True,False,0.9166666666666666,693,32,27,0.078125,6.0,23.666666666666668,4.0,0.0,0
A-bad8c1,FinTech,AU,organic,Basic,7,False,2023-03-01,False,672,1113.857142857143,7,True,False,1.0,385,29,11,0.16216216216216217,1.0,27.0,4.0,0.0,0
A-44dc83,EdTech,FR,other,Basic,5,False,2024-05-12,False,234,114.0,4,False,False,1.0,248,16,13,0.125,7.0,40.857142857142854,4.6,0.0,0
A-f446b6,DevTools,DE,ads,Pro,5,True,2023-05-12,False,600,1265.7777777777778,9,False,False,0.7777777777777778,376,27,31,0.07692307692307693,8.0,30.75,4.25,0.125,0
A-a45270,HealthTech,US,ads,Enterprise,3,False,2024-06-24,False,191,1677.5833333333333,12,True,True,0.75,733,35,53,0.056338028169014086,4.0,64.0,4.0,0.0,0
A-854864,FinTech,IN,event,Enterprise,20,False,2024-12-07,False,25,2459.8333333333335,6,False,False,0.8333333333333334,248,17,10,0.16666666666666666,5.0,44.2,4.8,0.0,0
A-1b7577,Cybersecurity,US,other,Pro,4,False,2024-10-27,False,66,797.3636363636364,11,False,True,1.0,647,33,33,0.06451612903225806,5.0,27.2,4.0,0.0,0
A-05f0e5,FinTech,US,partner,Basic,32,False,2023-05-04,False,608,4259.083333333333,12,True,False,0.8333333333333334,706,32,46,0.13432835820895522,4.0,20.0,4.0,0.0,0
A-9077b0,HealthTech,US,ads,Basic,2,False,2024-08-25,False,129,509.2857142857143,7,True,False,1.0,493,26,31,0.10869565217391304,3.0,40.333333333333336,4.333333333333333,0.0,0
A-7f8241,EdTech,US,organic,Pro,34,False,2023-03-14,True,659,2634.4,15,True,False,0.6666666666666666,734,34,38,0.06493506493506493,1.0,36.0,3.0,0.0,1
A-2bc93d,HealthTech,US,event,Basic,14,False,2023-03-14,False,659,2491.846153846154,13,True,False,0.8461538461538461,666,33,31,0.07462686567164178,2.0,12.0,4.5,0.0,0
A-f3ff05,FinTech,IN,other,Enterprise,2,False,2024-07-06,False,179,1497.3076923076924,13,True,False,0.9230769230769231,672,28,36,0.06060606060606061,3.0,42.666666666666664,3.5,0.0,0
A-2d4502,FinTech,IN,event,Basic,7,False,2024-04-29,False,247,2907.1,10,True,False,0.7,465,29,19,0.14893617021276595,3.0,26.333333333333332,5.0,0.0,0
A-6a4e2d,EdTech,UK,partner,Pro,9,False,2023-04-07,False,635,944.9090909090909,11,True,True,0.8181818181818182,597,27,31,0.05084745762711865,2.0,18.5,4.5,0.5,0
A-eb7c38,DevTools,AU,organic,Enterprise,5,False,2024-02-25,False,311,2547.3333333333335,15,True,True,0.6666666666666666,693,33,27,0.08571428571428572,5.0,22.4,4.333333333333333,0.0,0
A-c37601,EdTech,US,partner,Basic,6,True,2024-10-31,False,62,1706.25,12,False,False,0.8333333333333334,489,28,21,0.0625,4.0,42.25,3.6666666666666665,0.0,0
A-3b5cd1,FinTech,US,event,Basic,13,True,2023-09-12,False,477,1821.2307692307693,13,True,True,0.6923076923076923,523,27,24,0.09615384615384616,5.0,27.4,4.0,0.0,0
A-b2225d,FinTech,US,ads,Basic,47,False,2024-03-08,True,299,1590.6666666666667,12,True,True,0.75,696,34,60,0.0684931506849315,2.0,42.0,3.0,0.0,1
A-94f8c9,HealthTech,US,other,Basic,13,False,2024-03-29,False,278,1999.3125,16,True,True,0.875,746,33,63,0.09090909090909091,3.0,47.333333333333336,5.0,0.0,0
A-02fac6,FinTech,US,event,Pro,22,False,2023-04-06,False,636,2400.909090909091,11,True,False,0.8181818181818182,514,32,34,0.09433962264150944,6.0,23.333333333333332,4.0,0.0,0
A-c1dfe1,DevTools,DE,ads,Pro,26,False,2023-08-07,False,513,3223.75,8,True,True,0.625,375,24,30,0.10256410256410256,3.0,50.333333333333336,4.0,0.0,0
A-32728c,DevTools,US,event,Pro,20,False,2023-01-03,True,729,562.25,8,True,False,1.0,418,26,22,0.14634146341463414,2.0,34.5,3.5,0.0,1
A-4c38bc,HealthTech,UK,event,Basic,36,False,2024-03-09,True,298,3003.75,16,True,False,0.875,818,37,27,0.12345679012345678,3.0,48.333333333333336,3.5,0.0,1
A-1b707d,Cybersecurity,US,organic,Enterprise,1,False,2023-07-14,False,537,1166.5,8,True,False,0.625,399,27,12,0.07894736842105263,3.0,42.666666666666664,0.0,0.0,0
A-6f8ad2,EdTech,IN,organic,Basic,1,False,2024-07-09,False,176,1525.1764705882354,17,True,True,0.5882352941176471,924,38,59,0.14772727272727273,4.0,35.25,4.333333333333333,0.0,0
A-4d1e75,DevTools,US,other,Basic,20,False,2024-08-21,False,133,2414.6153846153848,13,True,True,0.6923076923076923,477,28,25,0.09803921568627451,2.0,15.0,4.0,0.0,0
A-9ee962,HealthTech,US,ads,Basic,9,False,2023-02-28,True,673,1046.6666666666667,9,True,True,0.7777777777777778,439,25,17,0.07692307692307693,3.0,37.0,4.0,0.0,1
A-378b99,EdTech,UK,ads,Pro,8,True,2024-09-01,False,122,1009.6666666666666,12,True,True,1.0,565,33,38,0.08620689655172414,6.0,28.5,4.5,0.0,0
A-94d3da,HealthTech,US,other,Basic,41,False,2023-05-03,False,609,1889.4166666666667,12,True,False,0.6666666666666666,464,29,25,0.10416666666666667,6.0,26.833333333333332,3.5,0.0,0
A-e351e1,EdTech,US,other,Enterprise,33,False,2024-09-26,False,97,699.6,5,False,False,0.8,295,18,22,0.10344827586206896,4.0,17.0,3.75,0.0,0
A-9badbd,Cybersecurity,DE,ads,Enterprise,5,True,2024-06-19,False,196,2498.230769230769,13,False,False,0.7692307692307693,729,33,45,0.11428571428571428,5.0,30.2,5.0,0.0,0
A-7e0a10,FinTech,US,ads,Enterprise,46,False,2023-11-18,False,410,4111.6,10,True,False,0.7,511,34,35,0.1,5.0,39.4,4.0,0.0,0
A-118d55,Cybersecurity,US,organic,Basic,8,False,2024-10-22,False,71,1993.25,12,True,True,0.75,599,29,33,0.08333333333333333,5.0,24.2,4.333333333333333,0.0,0
A-526d93,HealthTech,FR,organic,Basic,43,False,2024-04-14,False,262,4355.666666666667,9,True,False,0.5555555555555556,565,28,45,0.08928571428571429,5.0,51.4,3.5,0.2,0
A-f92792,FinTech,US,ads,Pro,1,False,2024-07-04,False,181,1343.357142857143,14,True,True,0.5714285714285714,528,32,31,0.11320754716981132,2.0,45.0,4.0,0.0,0
A-84ebe4,FinTech,US,ads,Pro,18,True,2023-03-12,True,661,2544.909090909091,11,False,False,0.9090909090909091,396,27,26,0.16666666666666666,4.0,29.5,4.0,0.0,1
A-5b4ebb,Cybersecurity,UK,other,Basic,21,True,2024-07-10,True,175,2138.6923076923076,13,True,False,0.8461538461538461,692,34,25,0.08571428571428572,5.0,35.4,4.75,0.0,1
A-2922b6,HealthTech,US,organic,Basic,15,False,2024-11-14,False,48,1778.1666666666667,6,True,False,0.8333333333333334,393,27,13,0.05405405405405406,2.0,15.5,4.0,0.0,0
A-9b9fe9,EdTech,AU,other,Basic,5,False,2023-09-28,False,461,1643.75,12,False,True,0.8333333333333334,597,30,22,0.05172413793103448,4.0,33.5,4.0,0.0,0
A-a8b49c,Cybersecurity,UK,partner,Basic,7,False,2023-10-06,False,453,963.9166666666666,12,True,False,0.9166666666666666,545,27,43,0.018518518518518517,1.0,72.0,4.0,0.0,0
A-9174e0,Cybersecurity,US,partner,Basic,37,False,2024-12-04,False,28,3598.4,15,True,False,0.8,689,34,61,0.08695652173913043,2.0,39.0,5.0,0.0,0
A-a1bbb6,DevTools,CA,organic,Basic,1,False,2023-04-05,False,637,1800.25,8,False,False,0.625,366,23,20,0.1891891891891892,3.0,17.666666666666668,4.0,0.0,0
A-c45b23,FinTech,UK,partner,Basic,5,False,2023-12-08,False,390,708.6666666666666,12,False,False,0.75,581,32,30,0.1694915254237288,3.0,36.666666666666664,3.0,0.0,0
A-02cd81,HealthTech,IN,other,Basic,44,False,2024-03-28,False,279,2354.0,14,False,False,0.7857142857142857,684,31,28,0.06944444444444445,3.0,17.333333333333332,4.5,0.3333333333333333,0
A-ee42db,EdTech,DE,ads,Enterprise,13,False,2023-04-25,False,617,963.9166666666666,12,True,True,0.9166666666666666,511,31,33,0.1111111111111111,4.0,33.75,3.0,0.0,0
A-432483,Cybersecurity,US,ads,Pro,4,False,2023-02-06,False,695,2868.1111111111113,9,True,False,0.7777777777777778,451,25,28,0.08888888888888889,1.0,51.0,0.0,0.0,0
A-9208f0,EdTech,US,organic,Pro,1,False,2023-05-11,True,601,438.875,8,True,False,0.875,538,29,31,0.11320754716981132,8.0,41.25,3.3333333333333335,0.125,1
A-98a59a,FinTech,UK,partner,Enterprise,56,False,2023-08-04,False,516,3645.6,10,True,True,0.6,455,27,21,0.18181818181818182,3.0,37.333333333333336,4.5,0.0,0
A-fe79a5,HealthTech,IN,ads,Basic,9,True,2024-02-21,False,315,1353.2,10,True,False,0.9,335,22,17,0.06060606060606061,4.0,28.5,5.0,0.0,0
A-726cfa,DevTools,US,partner,Pro,11,False,2023-07-01,False,550,1830.6315789473683,19,True,False,0.8421052631578947,993,40,45,0.15306122448979592,3.0,35.666666666666664,4.0,0.0,0
A-c43359,FinTech,US,organic,Pro,38,False,2024-11-16,False,46,1539.0,8,True,True,1.0,461,28,32,0.10638297872340426,3.0,26.666666666666668,4.0,0.0,0
A-271f46,DevTools,US,event,Pro,38,False,2023-02-09,True,692,2450.5,8,False,False,1.0,373,25,16,0.02631578947368421,1.0,36.0,0.0,0.0,1
A-157070,FinTech,US,ads,Pro,16,False,2023-11-09,False,419,1719.125,16,True,True,0.875,696,37,26,0.09859154929577464,3.0,42.333333333333336,3.0,0.3333333333333333,0
A-40a557,Cybersecurity,AU,partner,Pro,16,True,2023-12-03,False,395,2591.5555555555557,9,True,False,1.0,402,25,17,0.07692307692307693,7.0,30.571428571428573,3.6666666666666665,0.0,0
A-66224b,HealthTech,US,other,Pro,92,True,2024-10-18,False,75,5765.333333333333,12,False,False,0.75,626,34,29,0.16393442622950818,6.0,39.833333333333336,3.5,0.0,0
A-91e948,EdTech,AU,partner,Basic,41,False,2023-01-29,False,703,3127.714285714286,7,True,False,1.0,404,23,16,0.0,0.0,0.0,0.0,0.0,0
A-104f1a,Cybersecurity,US,other,Pro,24,False,2024-08-17,False,137,1577.125,8,False,False,0.875,438,28,22,0.045454545454545456,5.0,33.2,3.75,0.2,0
A-7988d1,Cybersecurity,US,other,Basic,33,False,2023-12-20,False,378,1188.0,9,False,False,0.7777777777777778,449,31,28,0.15217391304347827,3.0,35.333333333333336,4.333333333333333,0.0,0
A-faa28c,HealthTech,US,organic,Enterprise,48,False,2024-01-30,False,337,4171.714285714285,14,True,False,0.7857142857142857,585,25,24,0.0847457627118644,4.0,52.25,4.666666666666667,0.25,0
A-f25509,EdTech,US,other,Enterprise,32,False,2024-03-22,False,285,3224.4,5,False,True,0.8,229,17,15,0.13043478260869565,6.0,42.666666666666664,4.666666666666667,0.0,0
A-3a7284,FinTech,US,organic,Enterprise,31,False,2024-11-17,False,45,2959.9166666666665,12,True,True,0.9166666666666666,609,33,30,0.15,3.0,56.333333333333336,3.5,0.0,0
A-3a5ad8,HealthTech,US,organic,Enterprise,9,True,2023-12-05,False,393,2207.769230769231,13,True,True,0.8461538461538461,506,27,23,0.1346153846153846,4.0,44.75,4.5,0.0,0
A-65a46c,HealthTech,US,event,Pro,1,False,2023-11-04,False,424,2834.375,8,True,False,0.875,370,24,21,0.18421052631578946,8.0,45.125,4.0,0.0,0
A-8b25f2,Cybersecurity,US,ads,Pro,6,False,2024-02-17,True,319,1080.6153846153845,13,True,True,1.0,565,29,20,0.1111111111111111,2.0,35.5,4.0,0.0,1
A-fabe19,DevTools,UK,ads,Enterprise,1,False,2024-11-11,False,51,2928.1428571428573,7,True,False,0.42857142857142855,337,20,16,0.030303030303030304,3.0,40.666666666666664,4.0,0.0,0
A-adc1f3,Cybersecurity,US,organic,Pro,2,False,2024-08-05,False,149,2956.4444444444443,9,False,False,0.7777777777777778,334,24,26,0.1388888888888889,3.0,47.333333333333336,3.5,0.0,0
A-503d5a,FinTech,US,other,Enterprise,4,False,2023-10-21,True,438,1490.3333333333333,12,False,True,0.8333333333333334,605,34,32,0.1016949152542373,9.0,36.55555555555556,4.0,0.0,1
A-fd7ad3,Cybersecurity,US,event,Enterprise,1,False,2024-11-01,False,61,383.1,10,True,False,0.9,567,31,42,0.16071428571428573,8.0,48.75,4.166666666666667,0.125,0
A-186a44,HealthTech,US,ads,Enterprise,20,False,2023-08-07,False,513,1499.2142857142858,14,True,True,0.7142857142857143,614,30,25,0.11475409836065574,7.0,38.285714285714285,3.5,0.0,0
A-e888d1,Cybersecurity,US,other,Pro,14,False,2023-03-28,False,645,1240.5454545454545,11,True,False,0.7272727272727273,552,31,36,0.09615384615384616,5.0,43.0,4.0,0.2,0
A-69fad4,FinTech,UK,ads,Basic,6,False,2023-04-06,True,636,1245.857142857143,7,False,False,0.8571428571428571,412,24,24,0.10256410256410256,4.0,43.0,3.6666666666666665,0.0,1
A-9289f6,EdTech,US,event,Enterprise,1,False,2023-05-31,False,581,1091.3333333333333,12,True,False,0.8333333333333334,642,33,38,0.10294117647058823,6.0,37.5,4.333333333333333,0.0,0
A-f19409,DevTools,US,other,Basic,23,False,2023-03-16,True,657,2844.6666666666665,12,True,False,0.8333333333333334,659,33,31,0.1935483870967742,3.0,6.333333333333333,4.0,0.0,1
A-22f2df,DevTools,US,ads,Basic,3,False,2024-12-14,False,18,827.8888888888889,9,True,True,0.7777777777777778,429,25,17,0.11904761904761904,5.0,44.8,5.0,0.0,0
A-039727,EdTech,AU,organic,Pro,25,False,2024-11-02,False,60,2428.0,15,True,True,0.8,768,33,32,0.04054054054054054,0.0,0.0,0.0,0.0,0
A-2e3bad,FinTech,CA,other,Pro,61,False,2023-08-13,False,507,4587.2,10,False,False,0.8,435,25,26,0.13333333333333333,5.0,31.4,3.5,0.0,0
A-484819,HealthTech,US,organic,Pro,18,False,2023-02-21,False,680,2575.5,8,True,False,0.875,336,22,20,0.09090909090909091,5.0,33.2,4.5,0.0,0
A-425e76,DevTools,UK,other,Enterprise,8,False,2023-05-17,True,595,1555.5454545454545,11,True,False,0.9090909090909091,438,29,24,0.10416666666666667,5.0,48.2,3.3333333333333335,0.2,1
A-e83938,DevTools,UK,other,Pro,2,True,2023-11-21,True,407,937.875,8,True,False,0.75,266,22,18,0.06451612903225806,4.0,31.0,3.0,0.0,1
A-ad296b,DevTools,AU,event,Pro,38,False,2024-07-15,False,170,3071.6666666666665,6,False,False,1.0,294,24,12,0.06451612903225806,3.0,28.333333333333332,3.6666666666666665,0.3333333333333333,0
A-e51ec7,FinTech,CA,partner,Enterprise,2,False,2023-09-23,False,466,3009.5,8,True,True,0.75,417,26,18,0.1,3.0,37.0,5.0,0.0,0
A-0aaf6e,FinTech,US,organic,Enterprise,3,False,2024-05-11,False,235,2676.0,9,False,False,0.6666666666666666,599,25,39,0.10526315789473684,5.0,45.0,4.0,0.0,0
A-e61e98,FinTech,US,partner,Enterprise,19,False,2023-10-20,True,439,1498.2222222222222,9,True,False,0.7777777777777778,527,32,25,0.125,6.0,30.333333333333332,4.6,0.16666666666666666,1
A-92a333,FinTech,US,event,Enterprise,9,False,2023-03-24,False,649,1776.5,6,False,True,1.0,364,22,30,0.05555555555555555,4.0,23.25,0.0,0.25,0
A-95b24a,FinTech,US,event,Pro,38,False,2023-06-06,True,575,2275.818181818182,11,True,True,0.6363636363636364,611,32,34,0.12903225806451613,5.0,21.2,4.25,0.0,1
A-42e5e1,DevTools,US,ads,Pro,1,False,2024-07-09,True,176,1273.7142857142858,7,True,True,0.8571428571428571,411,24,41,0.04878048780487805,3.0,29.0,4.0,0.0,1
A-7d514c,HealthTech,DE,organic,Enterprise,17,False,2024-02-03,False,333,2697.1111111111113,9,True,False,0.8888888888888888,502,30,30,0.14583333333333334,3.0,33.333333333333336,5.0,0.0,0
A-65aeb5,DevTools,US,partner,Pro,9,False,2024-01-25,False,342,2866.0,12,False,True,0.75,533,30,40,0.05454545454545454,2.0,42.5,5.0,0.0,0
A-e2cd1b,DevTools,US,other,Enterprise,15,False,2024-02-04,False,332,1394.2222222222222,9,True,False,1.0,465,29,18,0.14285714285714285,5.0,37.8,4.0,0.0,0
A-180abf,DevTools,US,event,Pro,64,False,2023-08-14,True,506,4145.777777777777,9,True,False,0.7777777777777778,499,29,28,0.10416666666666667,3.0,36.333333333333336,3.0,0.0,1
A-f17767,DevTools,US,event,Enterprise,1,True,2023-01-30,True,702,1152.7857142857142,14,True,True,0.9285714285714286,713,35,38,0.057971014492753624,3.0,36.333333333333336,4.0,0.3333333333333333,1
A-5a184f,DevTools,DE,other,Enterprise,1,False,2023-06-19,True,562,2068.3,10,False,True,1.0,587,30,29,0.03508771929824561,3.0,15.333333333333334,4.333333333333333,0.0,1
A-7df7a7,DevTools,US,organic,Basic,7,False,2023-01-28,True,704,1943.6666666666667,15,False,True,0.8,922,36,47,0.10989010989010989,3.0,28.0,4.0,0.3333333333333333,1
A-1ac5e0,DevTools,US,event,Basic,33,False,2024-10-20,True,73,1824.9,10,False,False,0.5,558,31,31,0.125,7.0,40.42857142857143,3.8,0.0,1
A-52dd88,Cybersecurity,US,ads,Pro,23,False,2023-02-21,False,680,1508.3636363636363,11,True,False,0.6363636363636364,516,28,33,0.08,1.0,72.0,0.0,0.0,0
A-bece89,Cybersecurity,IN,event,Pro,26,False,2023-12-01,False,397,3208.3333333333335,6,True,False,0.6666666666666666,176,16,13,0.10526315789473684,4.0,32.5,4.0,0.25,0
A-029f69,Cybersecurity,CA,event,Basic,3,False,2024-03-07,False,300,914.875,16,True,False,0.625,789,37,42,0.10714285714285714,2.0,42.0,3.0,0.0,0
A-5c046d,EdTech,FR,partner,Basic,93,False,2024-07-06,False,179,10485.75,8,False,False,0.75,475,27,23,0.10869565217391304,1.0,13.0,3.0,0.0,0
A-fb186e,EdTech,IN,organic,Basic,29,False,2024-10-27,False,66,1923.6666666666667,3,False,False,0.6666666666666666,207,15,7,0.15,6.0,26.166666666666668,3.6666666666666665,0.0,0
A-ae052e,FinTech,CA,other,Basic,39,False,2023-09-11,False,478,1282.1666666666667,6,True,True,1.0,300,24,12,0.20689655172413793,4.0,31.25,4.0,0.0,0
A-9f9299,FinTech,US,organic,Enterprise,28,True,2023-09-02,False,487,2826.866666666667,15,False,False,0.6,830,37,54,0.11764705882352941,5.0,36.2,5.0,0.0,0
A-96e141,DevTools,UK,partner,Basic,14,False,2023-08-12,False,508,2209.714285714286,7,False,False,1.0,346,26,19,0.05555555555555555,5.0,32.8,4.333333333333333,0.0,0
A-117171,HealthTech,FR,organic,Basic,45,False,2024-09-12,True,111,2403.0,5,False,True,1.0,208,15,11,0.047619047619047616,6.0,32.5,3.6666666666666665,0.16666666666666666,1
A-313be3,EdTech,US,partner,Enterprise,47,True,2023-11-15,False,413,1727.8181818181818,11,True,False,0.7272727272727273,560,33,40,0.05263157894736842,4.0,22.5,5.0,0.25,0
A-671f31,DevTools,US,ads,Basic,59,False,2024-11-24,False,38,5064.166666666667,6,False,True,0.8333333333333334,167,13,16,0.0,7.0,33.0,4.2,0.0,0
A-bbc346,FinTech,US,partner,Enterprise,19,False,2024-08-29,False,125,2547.846153846154,13,True,True,0.8461538461538461,650,34,37,0.0967741935483871,3.0,45.333333333333336,4.5,0.0,0
A-c16101,EdTech,IN,other,Basic,7,False,2024-09-06,False,117,1242.2,10,True,True,0.9,561,31,29,0.16363636363636364,4.0,28.0,5.0,0.25,0
A-50f3f7,HealthTech,US,partner,Basic,31,False,2023-12-22,True,376,2938.4666666666667,15,False,True,0.8666666666666667,685,30,45,0.09722222222222222,6.0,37.833333333333336,5.0,0.16666666666666666,1
A-7da956,Cybersecurity,US,event,Pro,13,True,2024-06-02,False,213,913.5833333333334,12,True,True,0.9166666666666666,543,28,35,0.0784313725490196,3.0,32.666666666666664,5.0,0.0,0
A-019782,DevTools,FR,event,Enterprise,11,False,2023-04-19,False,623,928.1111111111111,9,True,False,0.6666666666666666,562,28,30,0.05454545454545454,2.0,10.0,3.0,0.0,0
A-df10db,DevTools,US,other,Enterprise,2,True,2023-06-06,False,575,1066.3636363636363,11,True,False,0.8181818181818182,697,31,40,0.03125,2.0,68.5,3.0,0.5,0
A-3932db,HealthTech,CA,other,Pro,19,True,2023-10-04,True,455,1565.2222222222222,9,True,True,1.0,434,28,28,0.08695652173913043,6.0,41.0,4.333333333333333,0.0,1
A-4f18f0,DevTools,CA,other,Pro,24,True,2024-04-21,False,255,2522.0,12,False,True,0.75,544,33,25,0.10526315789473684,5.0,39.2,4.0,0.0,0
A-4c6f11,FinTech,CA,organic,Pro,24,True,2023-11-27,True,401,1517.2,5,False,True,0.6,268,20,4,0.041666666666666664,3.0,44.666666666666664,4.333333333333333,0.0,1
A-8ae05d,FinTech,IN,other,Enterprise,86,False,2024-04-06,False,270,3747.1428571428573,7,False,False,0.7142857142857143,203,16,10,0.05,1.0,47.0,4.0,0.0,0
A-b78bf8,DevTools,US,event,Pro,33,False,2024-11-15,False,47,2802.875,8,True,True,1.0,421,24,11,0.16666666666666666,5.0,24.2,4.2,0.0,0
A-eafc6e,DevTools,US,partner,Pro,27,False,2023-07-06,True,545,2318.4285714285716,7,False,False,0.8571428571428571,300,23,15,0.09375,1.0,64.0,0.0,0.0,1
A-37f969,HealthTech,IN,partner,Enterprise,30,False,2023-10-14,False,445,2869.875,8,True,False,0.75,312,25,14,0.15625,5.0,22.2,3.6666666666666665,0.2,0
A-10b8f2,HealthTech,DE,organic,Basic,47,True,2023-01-11,False,721,2559.9166666666665,12,True,False,0.6666666666666666,560,29,23,0.17857142857142858,3.0,46.333333333333336,4.333333333333333,0.0,0
A-439b2f,DevTools,US,ads,Enterprise,1,False,2024-02-21,True,315,299.3333333333333,6,True,False,0.8333333333333334,171,14,5,0.1,3.0,18.333333333333332,0.0,0.0,1
A-544d0a,DevTools,US,organic,Basic,2,True,2024-05-02,False,244,1849.2,10,True,True,0.7,510,27,22,0.14893617021276595,2.0,38.5,4.0,0.5,0
A-ba6516,FinTech,US,ads,Pro,27,False,2023-10-29,False,430,2183.0,13,True,True,0.7692307692307693,642,31,32,0.13333333333333333,6.0,31.5,4.0,0.0,0
A-712426,HealthTech,US,other,Enterprise,9,False,2024-11-10,False,52,746.4666666666667,15,True,False,1.0,696,32,31,0.08571428571428572,6.0,37.333333333333336,4.4,0.0,0
A-038089,DevTools,FR,other,Pro,5,False,2023-12-19,True,379,701.3333333333334,3,False,False,1.0,210,15,15,0.05,6.0,30.166666666666668,3.6666666666666665,0.0,1
A-afa505,DevTools,US,partner,Basic,70,True,2023-12-27,False,371,7334.444444444444,9,True,True,0.5555555555555556,507,33,28,0.1568627450980392,4.0,37.25,3.0,0.25,0
A-d5a319,FinTech,US,other,Enterprise,15,False,2023-05-04,True,608,3153.9166666666665,12,True,True,0.8333333333333334,604,32,43,0.0847457627118644,1.0,17.0,4.0,1.0,1
A-f97b9a,FinTech,US,event,Pro,16,False,2023-07-09,False,542,2166.6363636363635,11,True,False,0.7272727272727273,561,29,33,0.10714285714285714,7.0,31.714285714285715,3.6666666666666665,0.0,0
A-2f6a32,HealthTech,US,organic,Basic,19,False,2024-08-26,False,128,683.0,11,True,False,1.0,654,32,46,0.09090909090909091,2.0,41.0,3.5,0.0,0
A-856b1e,FinTech,US,partner,Basic,19,False,2023-10-31,False,428,1053.5,6,True,False,0.8333333333333334,230,17,24,0.17391304347826086,5.0,36.0,0.0,0.2,0
A-17939a,HealthTech,US,organic,Basic,1,False,2024-12-26,False,6,879.0,11,False,False,0.8181818181818182,440,25,43,0.10638297872340426,7.0,38.0,4.5,0.0,0
A-d27f50,Cybersecurity,UK,ads,Enterprise,44,False,2024-07-20,False,165,3734.5833333333335,12,True,False,0.75,481,29,31,0.08,4.0,37.5,3.75,0.0,0
A-e36807,EdTech,AU,other,Pro,6,False,2024-05-17,False,229,1256.9,10,False,False,0.8,446,27,27,0.08163265306122448,2.0,41.0,4.5,0.0,0
A-ff79f2,DevTools,US,ads,Basic,8,False,2024-04-25,True,251,3097.0,9,True,False,0.6666666666666666,393,24,12,0.0975609756097561,2.0,50.0,0.0,0.0,1
A-5b1bcd,DevTools,US,organic,Pro,73,False,2023-09-16,False,473,8886.533333333333,15,True,False,0.8666666666666667,869,34,54,0.06976744186046512,4.0,43.25,4.5,0.0,0
A-71615e,EdTech,US,organic,Basic,15,False,2024-05-18,False,228,3131.769230769231,13,True,False,0.7692307692307693,620,29,41,0.06451612903225806,1.0,49.0,0.0,0.0,0
A-794a0b,HealthTech,DE,organic,Basic,23,False,2023-06-02,False,579,1510.7142857142858,7,False,False,0.7142857142857143,347,28,31,0.02631578947368421,0.0,0.0,0.0,0.0,0
A-86902e,HealthTech,IN,other,Enterprise,34,False,2023-05-02,False,610,3604.1,10,True,False,0.9,628,32,36,0.09523809523809523,9.0,40.888888888888886,3.5,0.0,0
A-0532a9,FinTech,IN,event,Pro,19,False,2024-09-25,False,98,1516.1,10,True,True,0.5,519,30,30,0.12962962962962962,8.0,30.75,3.0,0.0,0
A-9779ad,Cybersecurity,AU,event,Pro,40,True,2024-03-29,True,278,5168.0,10,False,False,0.5,413,29,25,0.06976744186046512,3.0,20.666666666666668,5.0,0.0,1
A-f45426,HealthTech,US,organic,Basic,9,False,2024-08-05,False,149,1571.7272727272727,11,False,True,0.7272727272727273,624,33,49,0.08196721311475409,3.0,17.0,4.0,0.0,0
A-c1e51e,FinTech,US,organic,Basic,3,False,2024-10-02,False,91,2390.5,10,True,True,1.0,518,28,36,0.14,5.0,40.0,3.2,0.0,0
A-fa3095,FinTech,US,ads,Basic,70,False,2023-09-03,False,486,5769.166666666667,12,False,False,1.0,600,31,42,0.0847457627118644,5.0,49.2,5.0,0.0,0
A-ad64c6,DevTools,UK,event,Pro,12,False,2024-02-23,False,313,2451.3333333333335,6,False,False,0.6666666666666666,215,16,18,0.1,4.0,34.0,5.0,0.0,0
A-39b19f,FinTech,US,partner,Enterprise,1,False,2023-02-03,False,698,1930.6363636363637,11,True,True,0.7272727272727273,530,30,37,0.09090909090909091,6.0,47.833333333333336,4.25,0.16666666666666666,0
A-56962b,EdTech,UK,partner,Enterprise,163,False,2024-04-09,False,267,7800.714285714285,7,True,False,0.8571428571428571,271,16,25,0.13793103448275862,4.0,37.5,3.0,0.0,0
A-e60f9d,FinTech,US,other,Basic,29,False,2024-08-26,False,128,3387.8,15,False,True,0.9333333333333333,629,30,24,0.08064516129032258,2.0,70.5,0.0,0.0,0
A-88c6ca,FinTech,DE,ads,Basic,5,False,2024-10-25,True,68,921.2857142857143,7,False,False,1.0,446,27,19,0.18604651162790697,1.0,56.0,0.0,0.0,1
A-158f4e,FinTech,IN,other,Enterprise,61,False,2023-03-03,False,670,3654.9166666666665,12,False,False,0.8333333333333334,453,32,29,0.061224489795918366,5.0,27.6,4.333333333333333,0.0,0
A-5b051a,Cybersecurity,US,event,Enterprise,22,False,2024-08-05,False,149,583.0,4,False,False,1.0,171,14,17,0.1875,1.0,2.0,3.0,0.0,0
A-296d7c,DevTools,DE,other,Enterprise,2,False,2023-11-08,False,420,284.14285714285717,7,False,False,0.7142857142857143,357,21,18,0.21212121212121213,5.0,50.4,3.75,0.0,0
A-1619f8,DevTools,US,organic,Pro,29,False,2024-05-20,False,226,2827.1428571428573,7,True,False,0.7142857142857143,432,27,26,0.047619047619047616,3.0,42.0,5.0,0.0,0
A-a1b80b,HealthTech,US,organic,Basic,16,False,2023-11-27,False,401,2161.8125,16,True,True,0.75,749,33,48,0.06944444444444445,4.0,41.0,4.0,0.0,0
A-139c3b,HealthTech,US,organic,Enterprise,10,True,2024-11-21,True,41,1128.375,8,True,False,0.75,478,27,16,0.1590909090909091,9.0,28.444444444444443,4.5,0.0,1
A-702032,HealthTech,US,ads,Pro,28,False,2023-10-03,False,456,1423.3333333333333,6,True,False,0.8333333333333334,285,19,15,0.038461538461538464,4.0,26.0,3.0,0.0,0
A-7a0d69,DevTools,DE,ads,Enterprise,4,True,2024-06-15,True,200,942.0,11,True,False,0.9090909090909091,606,31,31,0.08196721311475409,2.0,29.0,5.0,0.0,1
A-22d9d2,DevTools,FR,event,Pro,8,False,2024-03-22,False,285,1339.0,14,True,True,0.7857142857142857,782,35,43,0.08,6.0,16.0,4.0,0.16666666666666666,0
A-b9eed8,Cybersecurity,US,organic,Basic,11,False,2024-02-23,False,313,1507.0,11,False,True,0.8181818181818182,623,29,55,0.14754098360655737,5.0,29.2,3.75,0.2,0
A-dfbd31,DevTools,UK,partner,Enterprise,14,False,2023-12-04,False,394,1791.357142857143,14,True,True,0.7857142857142857,599,27,19,0.12962962962962962,6.0,29.666666666666668,4.25,0.0,0
A-8e47ca,HealthTech,US,organic,Pro,19,False,2024-02-15,False,321,3124.4444444444443,9,True,False,0.7777777777777778,441,29,35,0.043478260869565216,5.0,33.4,4.0,0.2,0
A-4437e4,Cybersecurity,US,event,Enterprise,3,False,2023-09-16,False,473,1114.4375,16,True,True,0.9375,806,37,43,0.0963855421686747,6.0,34.666666666666664,3.0,0.3333333333333333,0
A-779e4e,HealthTech,US,organic,Basic,5,False,2023-01-02,False,730,2808.1,10,True,True,0.9,393,28,20,0.13636363636363635,5.0,26.6,4.0,0.0,0
A-53f4e3,Cybersecurity,UK,event,Enterprise,13,False,2024-06-14,False,201,1507.2,10,False,False,0.8,410,29,45,0.022727272727272728,5.0,28.6,4.0,0.0,0
A-692f18,EdTech,US,other,Basic,5,True,2024-03-28,True,279,1797.0588235294117,17,True,True,0.7058823529411765,871,36,55,0.10344827586206896,2.0,37.5,5.0,0.0,1
A-13466a,DevTools,AU,event,Basic,2,False,2023-10-22,True,437,2223.8333333333335,6,False,False,0.8333333333333334,205,17,14,0.09090909090909091,3.0,32.333333333333336,4.333333333333333,0.3333333333333333,1
A-1986ca,HealthTech,IN,ads,Pro,20,False,2023-01-30,False,702,3951.5714285714284,7,True,False,0.5714285714285714,362,26,23,0.13513513513513514,7.0,36.57142857142857,3.4,0.0,0
A-0cc442,EdTech,US,organic,Basic,45,False,2024-07-18,False,167,4764.2307692307695,13,True,True,0.6923076923076923,765,34,41,0.09090909090909091,3.0,37.0,3.0,0.0,0
A-c608c8,DevTools,DE,ads,Pro,3,False,2023-04-27,True,615,1189.25,8,True,True,0.75,445,29,27,0.11627906976744186,2.0,59.0,3.0,0.0,1
A-3be56b,HealthTech,IN,event,Pro,3,False,2023-10-26,True,433,1420.0,12,True,True,0.75,528,28,33,0.14545454545454545,4.0,40.25,3.5,0.0,1
A-354f12,FinTech,US,ads,Pro,1,True,2024-04-28,False,248,2222.25,4,False,True,1.0,158,14,3,0.06666666666666667,2.0,56.5,0.0,0.0,0
A-68f37c,HealthTech,US,ads,Basic,4,False,2023-07-15,False,536,2689.1666666666665,12,True,False,0.9166666666666666,624,30,40,0.09230769230769231,5.0,20.2,4.0,0.0,0
A-aa9511,DevTools,US,other,Pro,23,True,2023-10-10,False,449,4064.6666666666665,15,False,True,0.8666666666666667,625,33,35,0.07692307692307693,2.0,56.5,4.0,0.0,0
A-af0cd2,Cybersecurity,IN,other,Enterprise,19,True,2023-01-03,False,729,587.2727272727273,11,True,False,0.8181818181818182,687,31,33,0.11428571428571428,3.0,54.333333333333336,0.0,0.0,0
A-bd4513,DevTools,AU,event,Enterprise,50,True,2024-11-06,False,56,4350.333333333333,12,True,False,0.8333333333333334,507,28,34,0.0784313725490196,3.0,42.0,4.666666666666667,0.0,0
A-c222ab,Cybersecurity,US,other,Pro,32,False,2024-05-10,True,236,2665.1428571428573,7,True,False,0.8571428571428571,435,27,33,0.13333333333333333,4.0,39.0,5.0,0.0,1
A-34d880,Cybersecurity,AU,ads,Enterprise,4,False,2024-04-11,False,265,2329.3333333333335,9,False,False,0.6666666666666666,474,29,40,0.06382978723404255,5.0,52.2,3.0,0.0,0
A-508199,FinTech,AU,event,Basic,19,False,2024-01-28,False,339,1687.2,5,False,False,0.6,231,16,15,0.08333333333333333,3.0,50.666666666666664,3.0,0.0,0
A-f03140,DevTools,IN,event,Pro,27,True,2023-11-22,False,406,2107.5,10,True,True,0.8,595,32,22,0.07017543859649122,7.0,36.0,3.6666666666666665,0.0,0
A-410e86,FinTech,US,organic,Basic,24,False,2024-11-10,False,52,2280.0,7,False,False,0.42857142857142855,292,22,21,0.1,5.0,42.6,3.5,0.0,0
A-fa2041,HealthTech,US,organic,Pro,15,True,2024-05-29,False,217,1742.9166666666667,12,False,False,0.9166666666666666,552,34,34,0.09836065573770492,1.0,16.0,3.0,0.0,0
A-de58ca,HealthTech,DE,organic,Enterprise,15,False,2023-04-13,False,629,2173.181818181818,11,False,False,0.5454545454545454,505,28,33,0.14285714285714285,5.0,30.6,3.3333333333333335,0.0,0
A-05d3b3,DevTools,AU,ads,Basic,9,True,2023-05-28,False,584,970.0,13,False,False,0.7692307692307693,642,32,22,0.0625,6.0,31.5,4.333333333333333,0.0,0
A-249769,Cybersecurity,US,event,Enterprise,4,False,2024-04-25,True,251,1209.0,13,False,False,1.0,678,31,30,0.04411764705882353,2.0,39.5,4.0,0.0,1
A-e43bf7,Cybersecurity,AU,other,Pro,44,False,2023-03-24,False,649,6666.571428571428,7,True,False,0.8571428571428571,371,26,35,0.05,5.0,27.4,4.0,0.2,0
A-eb2fdc,DevTools,AU,organic,Enterprise,31,False,2023-11-21,True,407,2664.0,12,False,False,0.8333333333333334,547,29,17,0.05555555555555555,5.0,33.6,4.5,0.0,1
A-e1462e,FinTech,UK,partner,Basic,15,False,2023-03-12,False,661,1718.5714285714287,7,True,True,0.7142857142857143,347,26,22,0.11428571428571428,2.0,39.5,3.5,0.0,0
A-cab532,DevTools,FR,organic,Pro,11,True,2023-04-03,False,639,1339.2,15,True,True,0.9333333333333333,1005,38,47,0.06930693069306931,1.0,32.0,4.0,0.0,0
A-9123ac,Cybersecurity,DE,organic,Pro,9,False,2023-06-20,False,561,2107.285714285714,7,False,True,1.0,386,28,24,0.10810810810810811,6.0,38.833333333333336,4.2,0.0,0
A-6e08f3,Cybersecurity,US,event,Basic,8,False,2023-02-27,False,674,1819.0,10,True,True,0.7,492,28,21,0.14,2.0,36.5,3.5,0.0,0
A-d922bf,HealthTech,US,ads,Basic,5,True,2023-09-08,True,481,2444.8571428571427,7,False,False,1.0,419,24,19,0.07317073170731707,7.0,39.142857142857146,3.3333333333333335,0.14285714285714285,1
A-8ed5dd,EdTech,UK,event,Enterprise,5,False,2023-06-29,True,552,996.3333333333334,12,True,True,0.9166666666666666,545,29,45,0.03636363636363636,6.0,29.0,3.75,0.0,1
A-7c6b6b,FinTech,US,other,Basic,6,False,2024-11-30,False,32,688.2857142857143,7,False,False,0.8571428571428571,311,22,24,0.14285714285714285,5.0,52.2,4.333333333333333,0.0,0
A-3c1a3f,DevTools,UK,event,Pro,1,False,2023-08-26,False,494,1242.4166666666667,12,False,True,0.8333333333333334,497,31,22,0.09803921568627451,4.0,33.25,3.5,0.0,0
A-b48f73,EdTech,AU,event,Pro,80,True,2024-11-13,False,49,4045.714285714286,7,False,False,0.5714285714285714,412,24,23,0.06818181818181818,3.0,28.666666666666668,4.0,0.0,0
A-76fa4d,HealthTech,US,event,Pro,69,False,2024-11-24,False,38,8812.285714285714,7,False,False,0.8571428571428571,357,21,21,0.1111111111111111,5.0,33.4,4.5,0.0,0
A-b2af2e,Cybersecurity,UK,event,Enterprise,5,False,2024-08-24,False,130,778.0,4,False,True,0.25,174,14,11,0.2222222222222222,2.0,39.5,4.0,0.0,0
A-9bfc9f,DevTools,CA,ads,Pro,53,False,2023-09-14,False,475,1704.6666666666667,9,True,True,0.8888888888888888,376,23,18,0.10810810810810811,6.0,35.333333333333336,3.3333333333333335,0.16666666666666666,0
A-4ae22a,EdTech,US,other,Pro,6,False,2024-05-09,True,237,1347.4285714285713,7,False,False,0.8571428571428571,369,24,31,0.17142857142857143,3.0,14.333333333333334,3.0,0.0,1
A-fda07f,Cybersecurity,FR,partner,Basic,7,False,2024-08-11,False,143,2368.1666666666665,12,True,True,0.8333333333333334,681,31,39,0.06153846153846154,5.0,17.8,4.0,0.0,0
A-de24d5,DevTools,US,other,Enterprise,5,True,2024-11-05,False,57,1640.5384615384614,13,False,False,0.9230769230769231,537,29,28,0.11320754716981132,7.0,43.142857142857146,3.0,0.0,0
A-977ca0,HealthTech,IN,partner,Basic,6,False,2023-02-20,True,681,1878.4375,16,True,False,0.8125,893,38,46,0.15294117647058825,3.0,64.0,4.0,0.0,1
A-ab438f,Cybersecurity,US,ads,Enterprise,13,False,2024-09-13,True,110,2044.75,8,True,False,0.75,369,25,12,0.08333333333333333,2.0,33.5,3.5,0.0,1
A-e89151,FinTech,UK,organic,Pro,8,True,2023-09-14,True,475,2414.8888888888887,9,True,False,0.7777777777777778,601,30,29,0.22413793103448276,2.0,41.5,5.0,0.0,1
A-40906c,EdTech,US,ads,Basic,92,False,2024-03-27,False,280,5366.666666666667,12,False,False,0.8333333333333334,685,32,32,0.1111111111111111,5.0,29.2,3.75,0.0,0
A-81edc3,Cybersecurity,IN,ads,Basic,5,False,2023-10-30,False,429,1460.3333333333333,12,True,False,0.6666666666666666,765,33,41,0.14864864864864866,3.0,52.666666666666664,4.0,0.0,0
A-328bd0,HealthTech,AU,partner,Enterprise,18,False,2023-05-16,False,596,1229.1538461538462,13,True,True,0.7692307692307693,568,30,49,0.08196721311475409,5.0,46.0,3.6666666666666665,0.0,0
A-b3fe05,Cybersecurity,CA,partner,Pro,8,False,2024-05-28,False,218,2721.5555555555557,9,False,False,0.8888888888888888,438,29,18,0.18604651162790697,4.0,48.25,3.0,0.0,0
A-09540c,Cybersecurity,CA,event,Basic,67,True,2023-10-30,False,429,3953.0,6,True,True,0.8333333333333334,297,20,16,0.10714285714285714,2.0,28.0,4.5,0.0,0
A-e693b6,FinTech,AU,event,Enterprise,55,False,2023-05-25,True,587,2846.25,12,True,False,0.9166666666666666,681,31,25,0.06557377049180328,1.0,1.0,3.0,0.0,1
A-2446e3,EdTech,IN,organic,Pro,27,False,2024-01-10,False,357,3448.285714285714,7,True,True,0.5714285714285714,496,28,32,0.10416666666666667,3.0,28.666666666666668,4.0,0.0,0
A-241e75,EdTech,US,partner,Enterprise,3,False,2024-07-03,False,182,718.8,5,False,True,0.8,266,17,20,0.07142857142857142,4.0,31.5,4.5,0.0,0
A-922109,Cybersecurity,US,ads,Pro,3,False,2024-01-26,False,341,1086.0,13,False,False,0.7692307692307693,819,35,34,0.05063291139240506,3.0,25.333333333333332,3.0,0.0,0
A-ff3c73,HealthTech,AU,other,Pro,21,False,2023-01-26,False,706,481.6666666666667,9,True,False,0.7777777777777778,408,29,23,0.125,2.0,35.5,3.5,0.0,0
A-8b0451,FinTech,UK,event,Enterprise,41,False,2024-09-16,False,107,3170.9,10,False,False,0.8,606,32,45,0.1,7.0,26.571428571428573,3.5,0.0,0
A-331424,DevTools,US,organic,Basic,11,False,2023-11-06,False,422,1129.3333333333333,6,False,False,0.5,214,17,9,0.15,2.0,24.5,0.0,0.0,0
A-51ec1b,DevTools,US,ads,Enterprise,7,False,2023-11-08,False,420,1847.8333333333333,6,True,True,0.8333333333333334,283,19,12,0.10714285714285714,3.0,52.333333333333336,5.0,0.3333333333333333,0
A-bcf664,DevTools,US,other,Pro,5,False,2023-05-19,False,593,1056.0,13,False,False,1.0,575,31,28,0.08928571428571429,5.0,36.0,4.0,0.2,0
A-90a8c8,FinTech,AU,organic,Pro,15,False,2024-08-24,False,130,3787.714285714286,7,True,False,0.7142857142857143,404,23,20,0.0975609756097561,4.0,45.0,3.25,0.0,0
A-86cdb4,DevTools,DE,partner,Basic,2,False,2024-09-22,False,101,394.55555555555554,9,False,False,1.0,492,27,24,0.12244897959183673,5.0,26.4,4.333333333333333,0.0,0
A-4bfa33,Cybersecurity,US,event,Basic,8,True,2024-12-07,False,25,800.8571428571429,7,False,False,0.8571428571428571,329,23,17,0.16666666666666666,4.0,16.5,3.6666666666666665,0.0,0
A-dbc825,EdTech,FR,partner,Enterprise,19,False,2024-01-07,False,360,2650.25,16,True,False,0.875,730,34,58,0.1111111111111111,6.0,49.5,4.0,0.16666666666666666,0
A-c70870,Cybersecurity,US,partner,Basic,31,False,2024-10-22,False,71,5659.142857142857,7,True,True,1.0,334,23,18,0.11764705882352941,5.0,35.6,4.0,0.0,0
A-7c4956,DevTools,US,ads,Enterprise,5,False,2023-05-06,True,606,426.125,8,False,False,0.75,475,27,40,0.13333333333333333,3.0,13.666666666666666,4.0,0.0,1
A-0651a4,HealthTech,FR,organic,Pro,16,False,2024-10-16,False,77,2970.9333333333334,15,False,False,0.8666666666666667,705,34,37,0.11594202898550725,4.0,29.25,4.0,0.0,0
A-3ce5b8,FinTech,IN,ads,Basic,8,False,2023-09-07,True,482,1850.0,9,False,False,1.0,509,29,29,0.1,10.0,42.5,3.7142857142857144,0.0,1
A-bd4708,FinTech,US,ads,Pro,37,True,2024-07-21,False,164,2998.076923076923,13,True,False,0.6923076923076923,653,33,30,0.109375,4.0,24.0,3.5,0.0,0
A-993085,HealthTech,US,ads,Basic,31,True,2023-06-01,False,580,3230.4,15,True,True,0.8,665,33,50,0.1,4.0,46.5,3.5,0.0,0
A-92a3af,Cybersecurity,IN,organic,Enterprise,25,False,2024-07-07,False,178,3139.818181818182,11,False,True,0.6363636363636364,714,35,55,0.11940298507462686,4.0,57.5,4.0,0.25,0
A-151c9a,FinTech,US,ads,Enterprise,23,False,2023-01-27,False,705,2850.0,5,False,True,0.8,366,28,14,0.029411764705882353,2.0,31.0,3.5,0.0,0
A-474ad4,EdTech,US,organic,Basic,8,False,2023-11-28,False,400,808.3333333333334,15,True,True,0.6666666666666666,605,34,45,0.09375,3.0,33.0,5.0,0.3333333333333333,0
A-4ef964,HealthTech,US,organic,Pro,17,False,2024-03-07,False,300,1586.5555555555557,9,False,False,0.6666666666666666,487,31,33,0.12244897959183673,3.0,42.666666666666664,4.0,0.0,0
A-fd9422,Cybersecurity,US,organic,Pro,58,False,2024-04-04,False,272,3125.5555555555557,9,True,True,0.7777777777777778,456,27,21,0.11363636363636363,6.0,44.333333333333336,3.5,0.16666666666666666,0
A-0baac2,FinTech,DE,organic,Enterprise,14,False,2024-05-30,True,216,3083.3333333333335,6,False,False,1.0,202,19,9,0.0,6.0,43.5,4.333333333333333,0.0,1
A-bb1486,HealthTech,US,organic,Basic,41,False,2024-11-05,False,57,2038.375,8,False,True,0.75,405,24,36,0.11904761904761904,3.0,11.0,3.0,0.0,0
A-560d27,DevTools,US,organic,Pro,23,False,2024-05-05,False,241,3470.0833333333335,12,True,False,0.5833333333333334,587,27,38,0.1016949152542373,4.0,30.75,3.6666666666666665,0.0,0
A-0b0d6d,DevTools,US,organic,Pro,3,False,2024-12-30,False,2,2576.230769230769,13,True,False,1.0,582,32,48,0.14516129032258066,5.0,31.4,4.0,0.2,0
A-2789e3,FinTech,US,partner,Enterprise,11,False,2024-09-14,False,109,2040.75,12,True,True,0.8333333333333334,680,33,45,0.09230769230769231,4.0,47.25,4.0,0.0,0
A-b07346,HealthTech,US,partner,Pro,51,False,2024-10-10,True,83,6283.2,5,True,False,0.6,326,23,22,0.12121212121212122,3.0,42.333333333333336,3.5,0.0,1
A-902ef7,HealthTech,US,other,Enterprise,83,False,2024-09-03,True,120,5540.25,8,True,False,1.0,414,31,24,0.125,2.0,48.5,4.0,0.0,1
A-20736a,EdTech,IN,organic,Enterprise,50,False,2024-03-16,False,291,5789.285714285715,7,True,True,1.0,430,22,22,0.11904761904761904,4.0,42.25,3.75,0.0,0
A-e4bf56,HealthTech,IN,ads,Pro,17,False,2024-10-28,True,65,2703.714285714286,7,False,True,0.5714285714285714,339,25,10,0.030303030303030304,8.0,29.125,3.6666666666666665,0.0,1
A-cea1f0,FinTech,US,event,Pro,8,False,2024-04-07,True,269,1224.4,10,True,True,0.4,586,28,28,0.16071428571428573,5.0,42.2,4.333333333333333,0.0,1
A-ef84cf,EdTech,US,partner,Enterprise,8,False,2024-03-01,False,306,1501.4,5,False,True,0.6,309,21,11,0.10714285714285714,5.0,34.8,4.333333333333333,0.2,0
A-d49cc5,Cybersecurity,FR,event,Basic,50,False,2023-09-19,False,470,1665.625,8,False,False,0.875,436,27,34,0.12195121951219512,4.0,32.0,4.5,0.0,0
A-67be94,EdTech,US,organic,Enterprise,26,False,2023-04-04,False,638,3132.8571428571427,7,True,False,0.8571428571428571,416,26,17,0.07142857142857142,5.0,38.6,4.0,0.0,0
A-4e960a,FinTech,US,other,Enterprise,12,True,2024-01-17,True,350,1995.1666666666667,12,False,True,0.9166666666666666,512,29,21,0.10204081632653061,6.0,29.166666666666668,4.0,0.0,1
A-c37cab,Cybersecurity,UK,event,Pro,13,False,2024-07-29,False,156,2452.75,12,True,True,0.9166666666666666,708,32,40,0.2,4.0,33.0,3.75,0.25,0
A-533452,DevTools,AU,organic,Pro,9,False,2024-11-12,False,50,1878.5454545454545,11,True,True,0.9090909090909091,595,32,44,0.15873015873015872,4.0,32.75,4.0,0.0,0
A-443b7c,Cybersecurity,US,other,Enterprise,1,False,2024-09-06,True,117,1503.875,16,True,False,0.8125,618,28,29,0.12698412698412698,8.0,29.25,4.4,0.0,1
A-1f7acb,FinTech,UK,ads,Basic,64,True,2023-08-06,False,514,5864.0,8,True,True,0.75,510,26,47,0.1320754716981132,7.0,41.714285714285715,4.4,0.0,0
A-f51f16,HealthTech,US,partner,Enterprise,1,False,2023-12-25,False,373,1663.75,8,True,False,0.875,384,25,28,0.08108108108108109,4.0,29.25,3.0,0.0,0
A-5a3eb9,DevTools,CA,other,Enterprise,18,True,2023-08-20,False,500,1561.0,13,False,True,0.8461538461538461,722,34,34,0.10144927536231885,3.0,24.0,0.0,0.0,0
A-5f2961,HealthTech,US,partner,Basic,4,False,2024-11-22,False,40,1471.2857142857142,7,False,False,0.8571428571428571,348,22,19,0.05555555555555555,1.0,53.0,0.0,0.0,0
A-417d2f,Cybersecurity,IN,partner,Pro,4,True,2023-07-04,False,547,1433.3125,16,True,False,0.8125,722,37,31,0.11267605633802817,6.0,43.5,4.333333333333333,0.0,0
A-e98302,EdTech,US,ads,Enterprise,16,True,2023-12-26,False,372,2094.5,6,False,False,0.8333333333333334,273,21,18,0.1,9.0,44.44444444444444,4.142857142857143,0.0,0
A-8bde0c,DevTools,US,organic,Basic,12,False,2024-11-04,False,58,1899.888888888889,18,True,False,0.8333333333333334,773,34,43,0.075,3.0,25.666666666666668,4.0,0.0,0
A-bcf87c,FinTech,US,event,Pro,10,False,2024-06-27,True,188,1979.090909090909,11,False,True,0.7272727272727273,503,26,19,0.12962962962962962,2.0,63.0,4.0,0.0,1
A-54ecc2,Cybersecurity,US,partner,Enterprise,4,False,2023-06-11,False,570,1469.8181818181818,11,False,True,0.9090909090909091,607,28,39,0.10714285714285714,5.0,37.4,5.0,0.0,0
A-625d0b,EdTech,AU,ads,Basic,9,False,2024-09-02,False,121,1081.1818181818182,11,False,False,0.9090909090909091,529,32,38,0.1111111111111111,5.0,48.4,3.0,0.0,0
A-fce879,EdTech,UK,partner,Pro,10,True,2024-09-24,True,99,1359.4,5,False,True,1.0,299,25,14,0.037037037037037035,2.0,28.0,4.0,0.0,1
A-b07b56,DevTools,US,event,Pro,25,False,2024-11-08,True,54,1132.2666666666667,15,False,False,0.8,633,32,39,0.140625,4.0,31.25,3.0,0.0,1
A-6da850,FinTech,IN,organic,Pro,5,False,2023-10-07,False,452,1159.9375,16,True,True,0.75,714,30,54,0.11428571428571428,5.0,49.0,4.0,0.0,0
A-342303,EdTech,US,other,Pro,1,True,2024-03-16,False,291,565.0,3,False,False,1.0,141,12,5,0.06666666666666667,3.0,29.333333333333332,4.5,0.0,0
A-e7a1e2,Cybersecurity,US,event,Enterprise,3,False,2024-06-23,False,192,1670.1666666666667,12,False,False,0.8333333333333334,703,36,36,0.04411764705882353,1.0,45.0,4.0,0.0,0
A-f1f639,EdTech,US,ads,Basic,2,False,2023-02-26,False,675,729.75,4,True,False,1.0,139,12,10,0.2857142857142857,7.0,20.0,4.8,0.0,0
A-a865bd,Cybersecurity,US,organic,Pro,38,False,2023-09-19,False,470,4204.4,5,False,False,0.6,230,19,13,0.125,2.0,31.5,3.0,0.0,0
A-4e631b,FinTech,US,other,Enterprise,22,False,2024-03-16,False,291,2218.0,11,True,True,0.7272727272727273,502,32,29,0.08163265306122448,2.0,24.5,4.0,0.0,0
A-7f6b86,HealthTech,US,partner,Basic,45,True,2023-08-24,True,496,2155.777777777778,9,True,False,0.7777777777777778,420,27,14,0.07317073170731707,7.0,40.42857142857143,3.6666666666666665,0.0,1
A-8adedc,EdTech,US,event,Basic,4,True,2024-02-11,True,325,2023.4285714285713,14,False,False,0.9285714285714286,583,32,33,0.08196721311475409,4.0,49.25,4.0,0.0,1
A-2edab2,HealthTech,US,event,Enterprise,17,False,2023-11-17,False,411,1139.0,10,True,False,0.9,487,28,26,0.10638297872340426,4.0,30.0,3.0,0.0,0
A-149a69,DevTools,US,event,Basic,34,False,2024-10-17,False,76,2686.0,3,False,False,0.3333333333333333,208,18,9,0.05555555555555555,8.0,33.875,4.2,0.0,0
A-a6d261,FinTech,CA,other,Pro,9,False,2023-11-29,False,399,2727.9285714285716,14,True,False,0.9285714285714286,627,36,29,0.09523809523809523,4.0,40.0,4.666666666666667,0.25,0
A-443f6f,Cybersecurity,US,organic,Basic,19,False,2024-12-07,False,25,1510.4444444444443,9,True,False,0.7777777777777778,527,31,28,0.07142857142857142,4.0,28.0,4.666666666666667,0.0,0
A-202b67,HealthTech,US,organic,Pro,11,False,2024-03-22,False,285,2018.6666666666667,9,True,False,0.8888888888888888,447,29,40,0.10869565217391304,4.0,36.75,4.666666666666667,0.0,0
A-00bed1,Cybersecurity,US,ads,Basic,28,True,2023-11-14,False,414,3350.6,10,True,False,0.9,514,32,27,0.0392156862745098,4.0,31.75,4.0,0.0,0
A-ffc04f,EdTech,US,ads,Pro,13,False,2024-06-06,False,209,1335.9333333333334,15,False,True,0.5333333333333333,857,37,64,0.08139534883720931,7.0,17.714285714285715,4.5,0.14285714285714285,0
A-65c341,FinTech,US,ads,Pro,11,True,2023-12-26,False,372,3818.25,8,False,False,1.0,410,25,18,0.10526315789473684,5.0,41.4,4.0,0.0,0
A-dcc2f0,FinTech,UK,organic,Basic,15,False,2023-07-22,False,529,1166.2,15,True,False,0.8666666666666667,833,35,26,0.10526315789473684,2.0,27.0,0.0,0.0,0
A-ced9aa,DevTools,US,other,Enterprise,3,False,2024-10-05,False,88,568.3636363636364,11,False,False,1.0,531,33,39,0.09090909090909091,7.0,28.857142857142858,3.0,0.0,0
A-3d957b,HealthTech,UK,other,Pro,14,False,2024-04-04,False,272,1975.3333333333333,6,True,False,0.6666666666666666,143,13,13,0.2,3.0,41.333333333333336,3.0,0.0,0
A-89ee83,Cybersecurity,US,organic,Pro,1,False,2024-10-04,True,89,2264.2727272727275,11,True,False,1.0,565,28,26,0.1016949152542373,5.0,21.8,4.0,0.2,1
A-883b7d,Cybersecurity,IN,other,Basic,17,False,2024-03-28,False,279,2543.6666666666665,12,False,False,0.75,644,35,40,0.10606060606060606,7.0,25.571428571428573,3.6,0.14285714285714285,0
A-dcc3f1,HealthTech,US,event,Pro,21,False,2023-12-27,False,371,1593.375,8,False,True,0.75,500,31,32,0.125,9.0,35.666666666666664,3.8,0.0,0
A-c62e55,EdTech,US,partner,Basic,1,True,2023-02-08,False,693,1322.4444444444443,9,True,False,0.7777777777777778,337,24,13,0.1875,4.0,27.5,4.0,0.0,0
A-e4144b,EdTech,UK,other,Pro,41,False,2024-10-22,False,71,3542.4,10,True,False,0.8,439,26,21,0.11627906976744186,3.0,57.0,4.0,0.0,0
A-e40f45,HealthTech,US,organic,Pro,21,False,2024-04-18,False,258,1689.2857142857142,7,True,False,0.8571428571428571,401,29,26,0.1111111111111111,7.0,26.714285714285715,4.333333333333333,0.0,0
A-96215d,FinTech,US,event,Enterprise,10,False,2024-08-08,False,146,1718.6666666666667,6,True,False,0.5,347,20,21,0.15625,1.0,25.0,3.0,0.0,0
A-2b9d3e,EdTech,US,partner,Enterprise,1,False,2023-06-04,False,577,571.3333333333334,9,True,False,0.8888888888888888,444,26,19,0.1111111111111111,3.0,34.666666666666664,5.0,0.0,0
A-b7724f,HealthTech,UK,organic,Basic,1,False,2023-03-28,False,645,402.75,8,False,False,0.875,380,28,16,0.05263157894736842,3.0,28.666666666666668,3.0,0.0,0
A-310452,DevTools,FR,other,Enterprise,9,False,2024-12-25,False,7,2200.6,5,False,False,0.8,268,20,16,0.16,5.0,34.2,3.6,0.0,0
A-eb1312,FinTech,US,partner,Pro,25,False,2024-09-16,False,107,1512.25,12,True,False,0.8333333333333334,663,31,38,0.06153846153846154,1.0,68.0,5.0,0.0,0
A-df1e44,Cybersecurity,UK,organic,Enterprise,12,False,2024-02-23,False,313,1191.5454545454545,11,True,True,0.7272727272727273,420,25,14,0.11904761904761904,2.0,53.0,5.0,0.0,0
A-6a7c9d,Cybersecurity,US,organic,Enterprise,26,False,2024-10-24,True,69,2605.6,5,False,False,1.0,189,15,6,0.05263157894736842,3.0,34.333333333333336,4.0,0.0,1
A-cbd1a3,DevTools,US,other,Basic,6,False,2024-11-25,True,37,1635.1,10,True,False,0.8,465,29,32,0.06666666666666667,4.0,34.5,4.0,0.0,1
A-a8d89d,EdTech,US,ads,Pro,13,False,2023-12-08,False,390,2443.3333333333335,12,True,False,0.9166666666666666,551,32,26,0.09259259259259259,2.0,44.5,5.0,0.0,0
A-600734,DevTools,US,organic,Pro,29,True,2023-11-14,True,414,1394.7692307692307,13,True,False,0.7692307692307693,660,33,30,0.15942028985507245,7.0,52.57142857142857,3.6666666666666665,0.14285714285714285,1
A-86fc1d,DevTools,UK,partner,Basic,26,False,2024-07-26,False,159,1686.7777777777778,9,True,False,0.8888888888888888,363,26,26,0.08108108108108109,5.0,27.0,4.0,0.0,0
A-78f02b,HealthTech,US,event,Enterprise,11,False,2024-11-17,False,45,3770.25,4,True,False,0.75,211,17,16,0.15,4.0,45.75,4.0,0.0,0
A-acb7f7,EdTech,US,ads,Basic,32,False,2024-01-06,False,361,2714.5,12,True,True,0.8333333333333334,612,33,36,0.16129032258064516,3.0,41.0,3.5,0.0,0
A-712f1c,DevTools,US,ads,Basic,17,False,2023-12-16,True,382,3583.25,12,True,False,0.8333333333333334,631,32,34,0.07352941176470588,6.0,41.666666666666664,4.0,0.0,1
A-3793ee,Cybersecurity,CA,organic,Enterprise,49,True,2023-03-21,False,652,3815.0,7,True,True,0.8571428571428571,352,25,11,0.02631578947368421,4.0,43.75,4.0,0.0,0
A-9a532a,HealthTech,US,partner,Enterprise,11,False,2024-07-06,False,179,2736.25,4,False,False,1.0,185,16,15,0.2222222222222222,2.0,57.5,0.0,0.0,0
A-2ebb4b,HealthTech,US,ads,Basic,41,False,2023-05-15,False,597,3068.8,10,True,False,1.0,488,27,33,0.14,2.0,43.5,3.0,0.0,0
A-6843f2,HealthTech,CA,ads,Enterprise,21,False,2024-12-10,False,22,1835.5555555555557,9,False,True,1.0,481,24,17,0.06521739130434782,2.0,36.5,3.0,0.0,0
A-c9bb3e,EdTech,US,ads,Pro,5,False,2024-03-24,False,283,1521.7,10,True,False,0.9,474,27,20,0.043478260869565216,7.0,27.714285714285715,4.2,0.14285714285714285,0
A-4814a3,Cybersecurity,IN,event,Basic,87,False,2024-09-17,True,106,7996.090909090909,11,True,True,0.7272727272727273,587,35,45,0.11666666666666667,4.0,18.75,4.0,0.25,1
A-b7b7b7,FinTech,US,event,Basic,24,False,2024-06-30,True,185,2379.8333333333335,12,True,False,0.9166666666666666,571,31,26,0.10909090909090909,3.0,17.0,5.0,0.0,1
A-ccc747,HealthTech,FR,event,Pro,16,False,2024-01-12,True,355,802.0,6,True,False,0.3333333333333333,284,23,13,0.1,4.0,32.25,5.0,0.25,1
A-bb3bd4,HealthTech,US,ads,Basic,23,False,2024-01-27,False,340,1064.5714285714287,7,True,False,1.0,315,18,11,0.03333333333333333,11.0,32.72727272727273,4.142857142857143,0.0,0
A-09316c,FinTech,AU,organic,Enterprise,70,False,2024-09-11,False,112,6363.636363636364,11,True,False,0.9090909090909091,566,28,31,0.09259259259259259,4.0,54.75,3.75,0.25,0
A-96bbc6,Cybersecurity,US,organic,Enterprise,39,False,2024-05-07,False,239,3803.25,8,True,True,0.875,482,30,25,0.10204081632653061,3.0,51.333333333333336,3.3333333333333335,0.0,0
A-bc4d48,EdTech,US,ads,Pro,35,True,2024-06-12,False,203,1770.0,7,True,False,0.5714285714285714,321,24,9,0.03125,6.0,41.166666666666664,4.2,0.16666666666666666,0
A-b30291,HealthTech,US,event,Basic,5,True,2024-04-05,True,271,537.5,10,False,False,1.0,519,26,31,0.16666666666666666,1.0,16.0,0.0,0.0,1
A-cdf020,DevTools,AU,organic,Pro,23,False,2023-08-16,False,504,2259.0,8,True,False,0.75,379,25,18,0.1,4.0,29.5,4.0,0.0,0
A-e6afc1,DevTools,US,ads,Pro,1,False,2023-02-24,False,677,2052.909090909091,11,False,False,0.8181818181818182,679,32,30,0.08450704225352113,0.0,0.0,0.0,0.0,0
A-e3bd71,Cybersecurity,US,partner,Basic,31,False,2023-03-25,False,648,3784.5454545454545,11,True,True,0.7272727272727273,638,32,27,0.04918032786885246,4.0,30.25,4.0,0.0,0
A-b179bf,Cybersecurity,IN,ads,Basic,43,False,2024-10-27,False,66,3586.2,5,False,False,1.0,398,23,18,0.1282051282051282,6.0,24.666666666666668,4.0,0.0,0
A-098560,DevTools,UK,ads,Enterprise,1,False,2023-10-21,True,438,1120.5454545454545,11,True,False,0.7272727272727273,567,32,32,0.14545454545454545,2.0,28.0,3.0,0.5,1
A-82861f,DevTools,UK,organic,Basic,41,False,2024-04-25,False,251,4363.3,10,False,False,0.8,462,28,43,0.08,5.0,24.4,3.2,0.0,0
A-94c3cd,FinTech,CA,other,Enterprise,32,False,2023-09-20,False,469,1506.0,6,False,False,0.6666666666666666,306,18,18,0.12903225806451613,4.0,44.75,3.5,0.25,0
A-a33200,HealthTech,US,partner,Basic,29,False,2024-09-15,False,108,2409.4166666666665,12,True,False,0.75,517,33,26,0.09090909090909091,3.0,36.333333333333336,4.5,0.0,0
A-034368,EdTech,US,event,Enterprise,19,False,2023-11-05,False,423,2238.8,5,False,False,0.8,265,20,25,0.14285714285714285,5.0,41.2,4.0,0.0,0
A-b54c01,DevTools,US,event,Enterprise,29,False,2024-09-29,False,94,848.25,4,False,False,0.75,226,15,17,0.13043478260869565,5.0,42.6,3.0,0.0,0
A-d82ef9,EdTech,UK,other,Basic,26,False,2024-07-02,True,183,1023.3571428571429,14,True,True,0.6428571428571429,679,32,46,0.07352941176470588,5.0,39.8,4.25,0.2,1
A-bb2f49,Cybersecurity,US,other,Pro,8,False,2023-05-28,False,584,2180.909090909091,11,True,True,0.9090909090909091,618,31,42,0.03333333333333333,3.0,22.333333333333332,4.0,0.0,0
A-1f559b,HealthTech,US,organic,Enterprise,5,True,2023-09-04,True,485,1175.6,10,False,True,0.6,400,29,27,0.1,5.0,50.4,4.2,0.0,1
A-5a215a,EdTech,FR,other,Enterprise,87,False,2024-01-05,False,362,7230.666666666667,18,True,False,0.8333333333333334,807,32,71,0.1,4.0,29.5,4.0,0.0,0
A-3f9cc0,HealthTech,US,event,Basic,22,False,2024-06-03,False,212,2848.5714285714284,7,True,True,0.7142857142857143,407,25,24,0.0,5.0,34.8,4.5,0.2,0
A-f9cc74,DevTools,FR,partner,Enterprise,30,True,2024-10-12,False,81,1555.7,10,True,False,0.8,484,30,22,0.14,6.0,49.833333333333336,4.0,0.0,0
A-ed510f,Cybersecurity,IN,partner,Basic,42,False,2023-01-17,False,715,3616.2,10,True,False,0.7,493,27,28,0.10204081632653061,9.0,44.55555555555556,4.0,0.0,0
A-5c9849,EdTech,IN,partner,Basic,19,False,2024-11-03,False,59,4083.8888888888887,9,True,False,0.7777777777777778,473,30,23,0.043478260869565216,4.0,59.5,0.0,0.25,0
A-a7bd4b,Cybersecurity,US,ads,Enterprise,5,False,2023-02-15,False,686,569.8181818181819,11,True,False,0.8181818181818182,576,29,37,0.09090909090909091,6.0,36.833333333333336,3.25,0.0,0
A-d4ac0e,DevTools,UK,ads,Basic,18,False,2024-04-20,False,256,1450.3684210526317,19,True,False,0.8947368421052632,793,38,53,0.1125,4.0,21.0,3.5,0.0,0
A-ffdfd5,EdTech,US,organic,Basic,3,False,2024-04-13,True,263,1432.2,10,True,False,0.8,529,29,28,0.07692307692307693,0.0,0.0,0.0,0.0,1
A-0dbdc6,Cybersecurity,DE,other,Pro,30,False,2023-02-12,True,689,3141.4444444444443,9,False,False,0.8888888888888888,512,32,31,0.11538461538461539,4.0,47.0,5.0,0.0,1
A-7cfe77,DevTools,US,ads,Pro,69,False,2024-07-10,False,175,2553.0,5,True,True,1.0,205,16,11,0.05263157894736842,7.0,30.714285714285715,3.5,0.0,0
A-1f0636,EdTech,AU,partner,Pro,105,False,2024-01-01,False,366,8610.0,11,True,False,0.8181818181818182,685,32,30,0.058823529411764705,2.0,38.5,3.5,0.0,0
A-40de06,Cybersecurity,US,event,Enterprise,28,False,2023-05-08,True,604,1803.875,16,True,True,0.8125,902,37,43,0.15384615384615385,3.0,40.333333333333336,4.0,0.0,1
A-cb5333,DevTools,US,ads,Pro,33,False,2024-03-26,False,281,1641.0,16,False,True,0.75,796,36,34,0.0975609756097561,4.0,30.75,3.0,0.0,0
A-309e54,DevTools,US,other,Pro,15,False,2024-12-09,False,23,2595.3636363636365,11,False,True,1.0,509,28,24,0.057692307692307696,5.0,23.8,3.0,0.0,0
A-6e7827,DevTools,US,other,Basic,1,False,2023-03-26,False,647,927.1111111111111,9,True,False,0.7777777777777778,419,24,31,0.07317073170731707,2.0,51.0,3.5,0.0,0
A-50bb9f,Cybersecurity,US,organic,Pro,2,False,2024-07-12,False,173,2157.875,8,True,False,0.875,276,18,15,0.20833333333333334,7.0,33.285714285714285,4.0,0.0,0
A-5fe118,Cybersecurity,US,other,Enterprise,39,False,2024-11-07,False,55,4458.0,5,False,False,0.8,233,14,12,0.23809523809523808,1.0,19.0,4.0,0.0,0
A-5247b3,FinTech,UK,partner,Pro,16,True,2024-03-12,False,295,1071.909090909091,11,True,False,0.9090909090909091,610,32,29,0.15,5.0,45.8,4.0,0.0,0
A-f44180,Cybersecurity,UK,event,Pro,9,False,2023-02-13,False,688,2617.090909090909,11,False,False,0.7272727272727273,520,27,22,0.19230769230769232,2.0,46.5,5.0,0.0,0
A-c16cf7,EdTech,US,event,Pro,13,True,2024-10-16,False,77,1227.4,10,False,False,0.8,577,33,26,0.13793103448275862,3.0,48.333333333333336,3.5,0.0,0
A-d42431,FinTech,FR,ads,Enterprise,22,True,2024-06-09,False,206,2351.1111111111113,9,True,True,0.7777777777777778,457,26,34,0.1276595744680851,4.0,24.25,4.0,0.0,0
A-6965e1,DevTools,US,organic,Basic,13,False,2024-11-25,False,37,2313.75,12,True,True,0.6666666666666666,627,27,29,0.06779661016949153,3.0,39.0,3.0,0.0,0
A-0354fe,Cybersecurity,US,other,Basic,34,False,2024-10-22,False,71,2210.0,7,True,False,0.7142857142857143,463,28,30,0.06666666666666667,4.0,20.0,4.0,0.0,0
A-0a62f5,FinTech,UK,partner,Pro,16,False,2024-09-11,False,112,1215.25,4,False,False,1.0,244,20,7,0.08,2.0,33.5,0.0,0.0,0
A-f5641b,EdTech,US,other,Pro,31,False,2024-03-30,False,277,3912.0,10,True,True,0.6,438,27,18,0.10256410256410256,4.0,47.5,3.0,0.25,0
A-b44e3e,Cybersecurity,UK,ads,Basic,40,False,2024-02-12,False,324,6217.285714285715,7,True,False,0.8571428571428571,387,20,13,0.10526315789473684,3.0,40.0,4.333333333333333,0.0,0
A-3b37d9,FinTech,US,event,Enterprise,23,False,2023-01-27,False,705,2776.4285714285716,7,True,False,0.8571428571428571,451,26,21,0.046511627906976744,5.0,36.0,4.5,0.0,0
A-54d94a,Cybersecurity,IN,event,Basic,27,False,2023-05-01,False,611,1141.5454545454545,11,True,True,0.9090909090909091,582,30,28,0.11864406779661017,4.0,53.75,3.5,0.0,0
A-7f29a7,Cybersecurity,UK,event,Basic,41,True,2024-09-18,False,105,1714.5454545454545,11,False,False,0.6363636363636364,619,32,38,0.14516129032258066,1.0,24.0,4.0,0.0,0
A-089363,FinTech,AU,event,Basic,2,False,2023-05-06,False,606,1507.4285714285713,14,True,False,0.5714285714285714,628,30,33,0.14754098360655737,3.0,35.0,3.6666666666666665,0.0,0
A-524364,DevTools,FR,partner,Enterprise,3,False,2024-12-31,False,1,1592.0,6,False,False,1.0,237,18,24,0.07692307692307693,3.0,47.666666666666664,4.333333333333333,0.0,0
A-855a48,EdTech,US,partner,Pro,14,True,2023-12-22,False,376,3797.0,8,False,True,0.375,448,26,16,0.1590909090909091,5.0,39.6,3.6666666666666665,0.0,0
A-756192,FinTech,IN,other,Basic,19,False,2023-06-11,False,570,2140.0,10,True,False,0.8,617,32,43,0.046875,3.0,37.333333333333336,4.0,0.0,0
A-49b828,FinTech,IN,ads,Pro,6,False,2023-05-05,False,607,2222.0,14,True,False,0.9285714285714286,687,29,45,0.15384615384615385,3.0,13.666666666666666,3.5,0.3333333333333333,0
A-c7ffc2,Cybersecurity,US,partner,Pro,30,True,2023-01-27,False,705,3009.3333333333335,12,True,False,0.75,640,30,28,0.0967741935483871,2.0,64.0,3.0,0.0,0
A-751c58,FinTech,UK,organic,Basic,15,False,2024-07-18,False,167,1781.5454545454545,11,True,False,0.8181818181818182,574,31,12,0.05660377358490566,5.0,39.6,4.333333333333333,0.0,0
A-72799b,DevTools,FR,event,Enterprise,20,False,2023-11-13,True,415,1731.5,10,True,True,0.8,550,31,34,0.17857142857142858,2.0,33.5,4.5,0.5,1
A-812c5b,DevTools,CA,organic,Basic,55,False,2024-02-25,True,311,2298.769230769231,13,False,False,0.9230769230769231,866,33,46,0.125,4.0,27.0,4.0,0.0,1
A-69b156,EdTech,US,other,Pro,7,False,2023-11-21,True,407,1588.111111111111,9,False,True,0.7777777777777778,360,24,20,0.05555555555555555,7.0,32.0,4.0,0.0,1
A-075038,HealthTech,UK,ads,Basic,17,False,2023-05-12,False,600,1350.642857142857,14,True,False,0.7857142857142857,743,32,31,0.12857142857142856,2.0,43.5,3.0,0.0,0
A-940b8b,HealthTech,DE,organic,Basic,1,False,2024-03-19,False,288,1205.0,8,True,True,0.75,362,23,32,0.08571428571428572,3.0,41.333333333333336,4.0,0.0,0
A-2d1036,FinTech,US,ads,Pro,69,False,2024-06-14,True,201,4973.307692307692,13,False,True,0.7692307692307693,692,31,40,0.14492753623188406,5.0,37.8,4.6,0.2,1
A-0f6450,FinTech,US,other,Pro,28,True,2024-12-27,True,5,2163.6363636363635,11,False,False,0.7272727272727273,539,31,39,0.14814814814814814,8.0,29.75,3.8333333333333335,0.125,1
A-9affe6,Cybersecurity,US,other,Pro,7,False,2023-03-22,False,651,966.9090909090909,11,True,False,0.9090909090909091,473,26,16,0.06382978723404255,3.0,58.0,3.0,0.0,0
A-80eeb6,Cybersecurity,UK,organic,Enterprise,22,False,2023-05-09,False,603,4280.5625,16,True,True,0.9375,725,38,43,0.11842105263157894,4.0,40.25,3.6666666666666665,0.25,0
A-d4e0d4,FinTech,US,other,Basic,117,False,2024-10-18,False,75,13806.0,10,True,True,0.9,488,30,33,0.12244897959183673,4.0,39.25,4.0,0.0,0
A-c7e58b,HealthTech,IN,other,Pro,3,False,2023-06-25,False,556,769.1428571428571,7,False,False,0.5714285714285714,343,22,18,0.029411764705882353,5.0,30.6,3.5,0.0,0
A-016043,EdTech,CA,organic,Basic,4,True,2024-07-31,False,154,1501.4545454545455,11,True,False,0.5454545454545454,490,26,21,0.06382978723404255,3.0,30.333333333333332,4.0,0.0,0
A-bbe56f,HealthTech,US,ads,Enterprise,21,False,2023-02-16,False,685,1205.0,5,True,False,1.0,232,13,8,0.18181818181818182,4.0,26.25,4.0,0.0,0
A-7c5768,HealthTech,UK,event,Enterprise,3,False,2024-03-02,False,305,376.55555555555554,9,False,False,0.8888888888888888,461,27,31,0.08695652173913043,5.0,28.8,4.0,0.0,0
A-751bd4,Cybersecurity,UK,partner,Pro,10,False,2024-07-12,False,173,95.0,2,False,False,1.0,92,9,0,0.0,6.0,23.166666666666668,4.25,0.16666666666666666,0
A-4e0e85,DevTools,US,organic,Enterprise,6,False,2023-09-08,False,481,568.0,8,True,False,0.875,288,20,9,0.06451612903225806,2.0,53.0,5.0,0.0,0
A-ad3abd,FinTech,US,event,Pro,44,False,2023-03-03,False,670,2413.714285714286,7,False,False,0.7142857142857143,296,20,11,0.034482758620689655,3.0,13.0,3.0,0.0,0
A-e19ff6,Cybersecurity,UK,partner,Enterprise,1,False,2023-07-28,False,523,409.1666666666667,12,True,False,0.5833333333333334,456,26,24,0.022222222222222223,3.0,30.666666666666668,4.666666666666667,0.0,0
A-7920cc,Cybersecurity,FR,ads,Pro,39,False,2023-11-23,False,405,3255.5625,16,True,False,1.0,601,32,28,0.06451612903225806,7.0,32.857142857142854,4.333333333333333,0.0,0
A-5a92e7,HealthTech,US,ads,Pro,4,False,2024-06-11,False,204,666.8947368421053,19,False,False,0.7894736842105263,885,37,76,0.09411764705882353,7.0,45.0,4.4,0.0,0
A-fdfc91,Cybersecurity,US,ads,Basic,29,False,2023-05-06,False,606,2061.2,10,True,False,0.9,564,32,29,0.017857142857142856,5.0,28.8,3.6666666666666665,0.0,0
A-1e50e0,Cybersecurity,DE,other,Pro,19,True,2023-02-21,True,680,2659.0,5,True,False,0.8,194,17,15,0.1,2.0,20.5,5.0,0.5,1
A-1e1b80,FinTech,CA,other,Enterprise,50,False,2023-09-12,False,477,4053.9166666666665,12,True,False,0.8333333333333334,682,34,47,0.029411764705882353,6.0,43.0,3.2,0.0,0
A-659280,FinTech,IN,event,Enterprise,13,True,2023-11-17,True,411,1787.5,12,True,False,0.25,613,30,34,0.1,4.0,8.0,4.333333333333333,0.0,1
A-f6b2fb,DevTools,AU,event,Basic,23,False,2024-04-23,False,253,2335.9,10,True,True,0.8,524,29,37,0.14545454545454545,5.0,55.0,4.0,0.2,0
A-cb6cc6,DevTools,US,ads,Basic,13,True,2023-04-03,False,639,374.57142857142856,7,True,False,0.42857142857142855,314,21,26,0.0,3.0,16.333333333333332,3.5,0.0,0
A-d62e02,Cybersecurity,US,partner,Pro,6,False,2024-08-20,False,134,2132.4,10,True,True,0.8,344,25,23,0.11764705882352941,1.0,36.0,4.0,0.0,0
A-d535f6,DevTools,US,organic,Basic,12,True,2024-09-03,True,120,823.8888888888889,9,True,True,0.8888888888888888,477,26,29,0.0851063829787234,0.0,0.0,0.0,0.0,1
A-39868b,FinTech,AU,partner,Pro,9,False,2024-03-17,False,290,838.8,5,True,False,0.4,305,22,21,0.17857142857142858,6.0,39.0,4.25,0.0,0
A-3cc791,EdTech,US,other,Enterprise,6,False,2024-01-10,False,357,1065.25,8,False,False,0.75,447,28,30,0.10869565217391304,6.0,48.333333333333336,4.25,0.16666666666666666,0
A-337bc1,Cybersecurity,US,organic,Pro,30,True,2023-07-19,False,532,2768.4285714285716,7,True,True,0.8571428571428571,425,27,34,0.09302325581395349,4.0,32.5,4.0,0.25,0
A-58b9ff,DevTools,IN,partner,Enterprise,2,False,2024-05-31,False,215,1741.6923076923076,13,True,True,0.6153846153846154,667,28,32,0.1076923076923077,2.0,66.0,4.0,0.5,0
A-bf7919,HealthTech,US,organic,Pro,3,False,2024-11-27,False,35,260.0,6,False,False,0.6666666666666666,262,23,14,0.15384615384615385,2.0,14.5,5.0,0.0,0
A-1d5444,Cybersecurity,US,partner,Basic,24,False,2024-01-18,True,349,2211.285714285714,14,True,False,0.7142857142857143,592,28,35,0.1016949152542373,2.0,30.0,4.0,0.0,1
A-0f3e88,HealthTech,US,other,Basic,7,False,2023-07-23,True,528,511.27272727272725,11,True,False,0.7272727272727273,598,32,28,0.1016949152542373,3.0,48.0,4.5,0.0,1
A-7641d3,EdTech,US,partner,Pro,8,True,2023-02-16,True,685,1096.3636363636363,11,False,True,0.7272727272727273,519,28,26,0.08,5.0,45.2,4.333333333333333,0.4,1
A-cd458b,DevTools,US,other,Basic,10,True,2024-06-15,False,200,2886.0666666666666,15,False,True,0.8666666666666667,864,34,45,0.023809523809523808,5.0,38.4,4.6,0.0,0
A-c16b88,HealthTech,US,event,Enterprise,23,False,2023-12-02,False,396,2259.777777777778,9,True,False,0.6666666666666666,457,28,24,0.125,3.0,48.333333333333336,3.0,0.0,0
A-59f724,HealthTech,US,other,Enterprise,3,True,2023-11-03,False,425,814.4166666666666,12,True,False,0.75,696,33,47,0.08823529411764706,4.0,19.25,4.25,0.0,0
A-87aa7b,HealthTech,US,organic,Pro,24,True,2024-05-16,False,230,1430.0625,16,True,True,0.8125,742,31,35,0.08333333333333333,3.0,27.333333333333332,0.0,0.3333333333333333,0
A-1e6fc3,EdTech,FR,other,Pro,1,False,2023-12-06,False,392,111.0,4,False,False,1.0,244,19,19,0.038461538461538464,5.0,23.8,3.6666666666666665,0.0,0
A-39ddf4,EdTech,US,partner,Enterprise,40,False,2024-12-05,False,27,3981.777777777778,9,False,False,0.7777777777777778,455,27,36,0.13043478260869565,5.0,23.0,4.25,0.0,0
A-34ea2f,HealthTech,US,organic,Enterprise,8,False,2024-08-15,True,139,1215.25,12,True,False,0.6666666666666666,550,29,30,0.05263157894736842,8.0,35.25,3.8,0.0,1
A-716841,FinTech,US,other,Pro,45,False,2024-05-06,False,240,3279.25,8,False,False,1.0,344,26,13,0.029411764705882353,5.0,29.8,4.0,0.0,0
A-558c72,FinTech,US,organic,Basic,12,False,2023-06-01,False,580,1310.142857142857,7,True,False,0.8571428571428571,296,19,16,0.13333333333333333,4.0,64.25,4.5,0.25,0
A-b11cd0,DevTools,US,ads,Pro,26,True,2023-01-20,True,712,801.0,6,False,False,1.0,278,21,16,0.034482758620689655,4.0,38.5,4.0,0.0,1
A-cc1d8d,FinTech,US,other,Pro,5,False,2024-12-08,False,24,688.2307692307693,13,True,True,0.8461538461538461,618,33,48,0.1746031746031746,5.0,30.2,4.5,0.0,0
A-7f4db3,FinTech,US,other,Pro,4,False,2023-03-05,False,668,1751.7333333333333,15,False,True,0.8666666666666667,844,36,46,0.06666666666666667,5.0,16.6,3.25,0.2,0
A-db5e9e,DevTools,US,partner,Basic,4,False,2024-11-09,False,53,1156.375,8,False,True,0.75,586,29,27,0.12280701754385964,2.0,66.0,5.0,0.0,0
A-cc102e,HealthTech,US,partner,Enterprise,13,False,2024-04-15,False,261,1006.3,10,True,False,0.8,394,26,39,0.11627906976744186,4.0,33.25,4.333333333333333,0.0,0
A-82d8a6,Cybersecurity,UK,ads,Basic,5,False,2024-11-28,False,34,1645.0588235294117,17,True,True,0.8823529411764706,661,32,38,0.12857142857142856,5.0,42.2,3.5,0.0,0
A-dec005,HealthTech,US,partner,Pro,21,False,2023-10-13,False,446,3074.4,10,True,False,0.7,475,31,44,0.11764705882352941,2.0,59.0,3.0,0.0,0
A-5790f4,FinTech,UK,event,Pro,1,True,2024-12-22,False,10,3154.3333333333335,6,False,False,0.5,321,25,26,0.05714285714285714,4.0,44.0,4.0,0.25,0
A-7c83a1,Cybersecurity,US,partner,Pro,12,False,2024-05-06,False,240,1394.25,12,False,True,0.9166666666666666,632,29,23,0.06451612903225806,4.0,42.0,4.0,0.0,0
A-297a2d,HealthTech,UK,event,Pro,27,False,2023-05-05,False,607,2874.6,5,True,False,0.8,244,23,22,0.24,2.0,32.5,3.0,0.0,0
A-4c56c9,FinTech,US,partner,Enterprise,9,False,2023-12-20,True,378,2343.923076923077,13,False,False,0.7692307692307693,623,34,38,0.109375,5.0,38.6,3.75,0.0,1
A-cbbe12,Cybersecurity,DE,partner,Enterprise,40,False,2023-03-22,False,651,2180.1666666666665,6,True,True,0.8333333333333334,178,14,10,0.0,6.0,38.0,4.25,0.0,0
A-4a267b,FinTech,US,other,Pro,25,False,2024-05-05,False,241,2968.7,10,True,True,0.9,498,31,22,0.14,4.0,16.25,4.333333333333333,0.0,0
A-bcbe98,Cybersecurity,US,other,Enterprise,46,False,2024-07-29,False,156,1969.6363636363637,11,True,True,0.8181818181818182,635,34,43,0.18461538461538463,7.0,38.285714285714285,4.0,0.14285714285714285,0
A-427b69,FinTech,US,other,Basic,17,False,2024-08-23,False,131,1995.8,10,False,False,0.7,698,32,36,0.15714285714285714,2.0,31.5,3.0,0.0,0
A-0be015,FinTech,US,event,Pro,19,False,2024-10-15,False,78,235.6,5,False,False,0.6,297,19,13,0.10714285714285714,7.0,40.285714285714285,4.2,0.14285714285714285,0
A-054577,EdTech,UK,ads,Basic,2,False,2024-04-28,False,248,2787.5625,16,True,True,0.875,833,36,52,0.11764705882352941,1.0,46.0,4.0,0.0,0
A-bc87bc,FinTech,US,event,Pro,3,False,2024-07-17,False,168,1504.0,8,False,False,1.0,394,24,14,0.08333333333333333,7.0,40.57142857142857,3.75,0.0,0
A-0f7d77,FinTech,IN,partner,Pro,3,False,2024-10-28,False,65,387.6666666666667,6,False,False,0.5,298,23,19,0.03333333333333333,5.0,27.2,5.0,0.0,0
A-e7beab,EdTech,DE,organic,Enterprise,5,False,2023-10-20,False,439,1618.857142857143,7,False,False,1.0,373,22,17,0.05555555555555555,6.0,36.666666666666664,4.0,0.0,0
A-a09355,FinTech,US,organic,Basic,14,False,2024-08-10,False,144,2133.75,16,False,True,0.875,788,33,47,0.10256410256410256,5.0,32.6,4.0,0.0,0
A-31ab9a,FinTech,DE,organic,Pro,3,False,2024-03-03,False,304,2257.4285714285716,7,False,False,0.8571428571428571,340,19,23,0.11764705882352941,7.0,43.142857142857146,3.5,0.0,0
A-0158bb,FinTech,DE,partner,Basic,5,False,2024-05-22,False,224,678.3333333333334,6,True,False,0.8333333333333334,364,19,22,0.08333333333333333,1.0,32.0,3.0,0.0,0
A-f19b24,Cybersecurity,US,organic,Pro,29,True,2023-01-10,False,722,841.0,3,False,False,1.0,119,12,10,0.0,2.0,35.5,4.0,0.5,0
A-798a3f,DevTools,FR,other,Enterprise,12,False,2023-10-19,True,440,1572.4444444444443,9,True,False,0.7777777777777778,352,19,19,0.08108108108108109,5.0,33.0,4.0,0.0,1
A-42b791,FinTech,AU,event,Pro,3,False,2024-05-20,False,226,2722.8571428571427,7,False,False,0.5714285714285714,312,19,6,0.0625,3.0,33.666666666666664,4.0,0.0,0
A-068fc6,EdTech,US,event,Enterprise,35,False,2023-07-17,False,534,2908.5,10,True,False,0.9,598,32,29,0.0847457627118644,5.0,38.8,4.333333333333333,0.0,0
A-6f50ae,FinTech,US,partner,Pro,19,False,2023-09-21,True,468,1900.5714285714287,14,False,True,0.6428571428571429,811,35,48,0.060240963855421686,5.0,31.0,4.5,0.0,1
A-a2485e,FinTech,US,event,Pro,3,True,2024-08-04,False,150,1462.5,6,False,True,0.6666666666666666,317,22,13,0.17857142857142858,0.0,0.0,0.0,0.0,0
A-bb1eaa,Cybersecurity,US,organic,Basic,21,False,2024-06-11,False,204,2076.2,5,False,True,1.0,164,15,7,0.11764705882352941,6.0,23.5,4.5,0.0,0
A-cc98bc,DevTools,US,ads,Basic,32,False,2023-05-24,False,588,2156.7,10,True,False,0.9,551,29,24,0.05660377358490566,3.0,4.666666666666667,4.0,0.0,0
A-d77f4c,DevTools,US,partner,Pro,4,True,2023-09-25,False,464,3480.4285714285716,14,True,True,0.7857142857142857,617,31,32,0.0967741935483871,2.0,31.0,4.0,0.0,0
A-ccabf0,HealthTech,IN,organic,Pro,1,False,2023-11-06,False,422,2237.9,10,False,True,0.9,506,31,29,0.16,4.0,46.25,3.6666666666666665,0.0,0
A-700ade,Cybersecurity,UK,organic,Enterprise,1,True,2024-10-31,False,62,2109.375,8,False,False,0.625,284,20,18,0.06896551724137931,4.0,30.25,4.666666666666667,0.0,0
A-4a4c2d,DevTools,US,event,Enterprise,54,False,2023-05-02,False,610,2612.769230769231,13,True,True,0.7692307692307693,587,28,37,0.01694915254237288,5.0,42.0,4.25,0.0,0
A-b7ef83,Cybersecurity,UK,partner,Pro,1,True,2024-05-29,False,217,2391.2,15,True,False,0.6666666666666666,738,34,39,0.1111111111111111,2.0,47.5,4.0,0.0,0
A-e08cd3,FinTech,US,ads,Pro,67,True,2024-09-21,False,102,6456.363636363636,11,False,True,0.6363636363636364,432,30,21,0.16279069767441862,8.0,30.375,4.0,0.0,0
A-19b2c8,DevTools,IN,other,Pro,20,False,2023-06-06,False,575,2054.076923076923,13,True,False,0.6923076923076923,601,31,34,0.06349206349206349,3.0,29.333333333333332,4.666666666666667,0.0,0
A-970c97,HealthTech,DE,other,Enterprise,14,False,2024-03-01,False,306,1922.625,8,False,True,0.5,444,26,24,0.045454545454545456,1.0,61.0,5.0,0.0,0
A-6dee43,FinTech,UK,other,Basic,3,True,2023-08-12,False,508,2070.0,11,True,False,0.7272727272727273,461,28,11,0.041666666666666664,5.0,44.2,4.333333333333333,0.0,0
A-5ed98d,DevTools,US,partner,Basic,24,False,2024-06-22,False,193,1934.75,8,True,False,0.875,312,23,18,0.0625,5.0,35.8,5.0,0.0,0
A-c58f49,EdTech,US,other,Enterprise,70,True,2024-07-31,False,154,10140.0,7,True,False,1.0,363,24,22,0.07894736842105263,3.0,36.333333333333336,5.0,0.3333333333333333,0
A-9c18c4,HealthTech,US,ads,Pro,11,False,2023-07-27,True,524,1782.3,10,True,False,0.9,556,30,37,0.07142857142857142,4.0,42.25,4.0,0.0,1
A-cc8c8f,DevTools,US,ads,Enterprise,23,False,2024-06-16,False,199,2228.5714285714284,7,True,True,0.8571428571428571,268,20,18,0.03571428571428571,2.0,14.5,3.5,0.0,0
A-5f7781,DevTools,US,other,Pro,22,False,2024-08-20,False,134,2050.4,5,True,False,0.8,183,16,10,0.1111111111111111,2.0,28.5,4.0,0.0,0
A-e1b9cd,DevTools,US,event,Pro,40,False,2023-02-26,True,675,2469.4666666666667,15,False,True,0.6666666666666666,840,34,47,0.1125,1.0,35.0,3.0,0.0,1
A-ac85cd,EdTech,US,partner,Enterprise,53,False,2024-07-31,False,154,3438.9166666666665,12,True,True,0.9166666666666666,634,30,29,0.07936507936507936,3.0,33.666666666666664,3.5,0.0,0
A-d792a6,DevTools,US,organic,Enterprise,4,False,2023-01-23,False,709,1536.6,15,True,True,0.9333333333333333,690,32,40,0.10294117647058823,5.0,40.6,4.0,0.0,0
A-ac9111,HealthTech,US,event,Pro,21,True,2023-08-12,False,508,1664.125,16,False,True,0.875,808,36,46,0.12048192771084337,3.0,24.666666666666668,5.0,0.0,0
A-18793f,EdTech,US,organic,Basic,148,True,2024-12-18,False,14,7144.363636363636,11,True,False,0.8181818181818182,486,30,20,0.08333333333333333,5.0,45.2,3.8,0.0,0
A-9f0b68,EdTech,US,ads,Basic,10,False,2024-04-28,False,248,2376.5,12,True,True,0.75,709,36,33,0.17142857142857143,3.0,30.333333333333332,3.0,0.0,0
A-d3c88e,DevTools,US,event,Pro,16,False,2024-10-18,False,75,2014.076923076923,13,True,False,0.6923076923076923,644,33,48,0.171875,3.0,58.0,4.0,0.0,0
A-ccb686,DevTools,US,other,Basic,10,False,2024-01-22,False,345,1795.0833333333333,12,True,True,0.6666666666666666,721,35,46,0.11428571428571428,1.0,67.0,4.0,0.0,0
A-118f1c,Cybersecurity,US,other,Pro,32,False,2024-10-31,False,62,6520.0,8,False,False,0.625,369,22,14,0.05263157894736842,1.0,64.0,3.0,0.0,0
A-0e966d,FinTech,IN,ads,Basic,11,False,2024-06-25,True,190,1131.3636363636363,11,False,False,0.8181818181818182,636,31,34,0.171875,3.0,31.666666666666668,4.5,0.3333333333333333,1
A-b9f5b1,Cybersecurity,US,other,Pro,15,True,2023-01-24,False,708,1010.2857142857143,7,False,False,0.7142857142857143,307,21,12,0.1,6.0,31.833333333333332,3.3333333333333335,0.16666666666666666,0
A-8ae3fc,DevTools,CA,ads,Pro,9,False,2024-06-28,False,187,555.875,8,False,False,1.0,402,26,30,0.1282051282051282,4.0,39.5,3.5,0.0,0
A-55f257,FinTech,US,organic,Basic,9,False,2023-12-21,False,377,1213.7,10,True,False,0.8,476,31,25,0.11320754716981132,6.0,43.166666666666664,5.0,0.0,0
A-d26ab4,DevTools,UK,organic,Basic,9,False,2024-11-07,True,55,1845.888888888889,9,False,True,0.7777777777777778,458,24,24,0.06521739130434782,2.0,49.5,4.0,0.0,1
A-712533,EdTech,US,organic,Pro,18,False,2023-07-31,False,520,1615.1666666666667,12,True,False,0.9166666666666666,571,32,35,0.07272727272727272,5.0,37.4,3.75,0.0,0
A-781cc0,EdTech,US,organic,Pro,12,False,2024-09-04,False,119,1144.6875,16,True,False,0.6875,864,31,42,0.08045977011494253,4.0,57.5,3.6666666666666665,0.0,0
